date,rate(kg/s)
2050-10-01T06:36:00,10.6860441857008
2050-10-01T07:36:00,19.0176047975647
2050-10-01T08:36:00,12.3346194219615
2050-10-01T09:36:00,14.7066717919401
2050-10-01T10:36:00,14.2816391291291
2050-10-01T11:36:00,14.3755970628407
2050-10-01T12:36:00,14.2957711550227
2050-10-01T13:36:00,14.2640562654958
2050-10-01T14:36:00,14.2201844096827
2050-10-01T15:36:00,14.1820776507895
2050-10-01T16:36:00,14.1441001729255
2050-10-01T17:36:00,14.111078801567
2050-10-01T18:36:00,14.0807058618089
2050-10-01T19:36:00,14.0529920283215
2050-10-01T20:36:00,14.0265810885959
2050-10-01T21:36:00,14.0016671534538
2050-10-01T22:36:00,13.9782261211284
2050-10-01T23:36:00,13.9561436294836
2050-10-02T00:36:00,13.9352778377114
2050-10-02T01:36:00,13.9149374173211
2050-10-02T02:36:00,13.8965780972909
2050-10-02T03:36:00,13.8793010127602
2050-10-02T04:36:00,13.8630375520389
2050-10-02T05:36:00,13.8475758609353
2050-10-02T06:36:00,13.8324411301241
2050-10-02T07:36:00,13.8176716590891
2050-10-02T08:36:00,13.8034624140519
2050-10-02T09:36:00,13.7898369894919
2050-10-02T10:36:00,13.7768936412674
2050-10-02T11:36:00,13.7645146822951
2050-10-02T12:36:00,13.7526931211139
2050-10-02T13:36:00,13.7413801622028
2050-10-02T14:36:00,13.7304790788751
2050-10-02T15:36:00,13.7198997634846
2050-10-02T16:36:00,13.7096347325572
2050-10-02T17:36:00,13.6993390765689
2050-10-02T18:36:00,13.6894357117129
2050-10-02T19:36:00,13.6798788089416
2050-10-02T20:36:00,13.6707028275443
2050-10-02T21:36:00,13.6618395297659
2050-10-02T22:36:00,13.6532083259839
2050-10-02T23:36:00,13.6448001570876
2050-10-03T00:36:00,13.6363919514078
2050-10-03T01:36:00,13.6281889151531
2050-10-03T02:36:00,13.6202277993841
2050-10-03T03:36:00,13.6125450411765
2050-10-03T04:36:00,13.6051168567016
2050-10-03T05:36:00,13.5979225045486
2050-10-03T06:36:00,13.5909433991009
2050-10-03T07:36:00,13.5841507718376
2050-10-03T08:36:00,13.5775063549104
2050-10-03T09:36:00,13.5710005962743
2050-10-03T10:36:00,13.5646234592963
2050-10-03T11:36:00,13.5583640755741
2050-10-03T12:36:00,13.5522363523467
2050-10-03T13:36:00,13.5462329815637
2050-10-03T14:36:00,13.5403492782254
2050-10-03T15:36:00,13.5345682109278
2050-10-03T16:36:00,13.5288814081824
2050-10-03T17:36:00,13.5232750141142
2050-10-03T18:36:00,13.5177466836959
2050-10-03T19:36:00,13.5123146505961
2050-10-03T20:36:00,13.5069902311721
2050-10-03T21:36:00,13.5017777253057
2050-10-03T22:36:00,13.4966770352196
2050-10-03T23:36:00,13.4916428770118
2050-10-04T00:36:00,13.4866954791981
2050-10-04T01:36:00,13.4817887922068
2050-10-04T02:36:00,13.4769414413118
2050-10-04T03:36:00,13.4721596261094
2050-10-04T04:36:00,13.4674444183936
2050-10-04T05:36:00,13.4628224443924
2050-10-04T06:36:00,13.4582586276636
2050-10-04T07:36:00,13.4538087316106
2050-10-04T08:36:00,13.4493999183409
2050-10-04T09:36:00,13.4450257269
2050-10-04T10:36:00,13.4406469562076
2050-10-04T11:36:00,13.43640627565
2050-10-04T12:36:00,13.4322661373143
2050-10-04T13:36:00,13.4282177832689
2050-10-04T14:36:00,13.4242432976574
2050-10-04T15:36:00,13.4203307612637
2050-10-04T16:36:00,0
2050-10-04T17:36:00,0
2050-10-04T18:36:00,14.7460611789189
2050-10-04T19:36:00,13.2865245012825
2050-10-04T20:36:00,13.5834874178806
2050-10-04T21:36:00,13.4849717078235
2050-10-04T22:36:00,13.473118412928
2050-10-04T23:36:00,13.453530296222
2050-10-05T00:36:00,13.4404230900395
2050-10-05T01:36:00,13.4295415429327
2050-10-05T02:36:00,13.4205158373585
2050-10-05T03:36:00,13.4127226981483
2050-10-05T04:36:00,13.4058450937998
2050-10-05T05:36:00,13.3996493758228
2050-10-05T06:36:00,13.3939844822795
2050-10-05T07:36:00,13.3887425101958
2050-10-05T08:36:00,13.3838439987146
2050-10-05T09:36:00,13.3792277461841
2050-10-05T10:36:00,13.3748389669991
2050-10-05T11:36:00,13.3706429672082
2050-10-05T12:36:00,13.3665994228053
2050-10-05T13:36:00,13.3626583992618
2050-10-05T14:36:00,13.3588337836776
2050-10-05T15:36:00,13.3551253094343
2050-10-05T16:36:00,13.3515200095991
2050-10-05T17:36:00,13.3480103098796
2050-10-05T18:36:00,13.3445892924995
2050-10-05T19:36:00,13.3412430823335
2050-10-05T20:36:00,13.3379570294493
2050-10-05T21:36:00,13.3347269095596
2050-10-05T22:36:00,13.3315499997893
2050-10-05T23:36:00,13.3284277364928
2050-10-06T00:36:00,13.325361000618
2050-10-06T01:36:00,13.322349777867
2050-10-06T02:36:00,13.3193931949186
2050-10-06T03:36:00,13.3164895367608
2050-10-06T04:36:00,13.3136355805243
2050-10-06T05:36:00,13.3108090365575
2050-10-06T06:36:00,13.3080057993566
2050-10-06T07:36:00,13.3052441979879
2050-10-06T08:36:00,13.3025274729224
2050-10-06T09:36:00,13.2998539574959
2050-10-06T10:36:00,13.2972206685343
2050-10-06T11:36:00,13.2946249358311
2050-10-06T12:36:00,13.2920647019363
2050-10-06T13:36:00,0
2050-10-06T14:36:00,0
2050-10-06T15:36:00,0
2050-10-06T16:36:00,0
2050-10-06T17:36:00,0
2050-10-06T18:36:00,0
2050-10-06T19:36:00,0
2050-10-06T20:36:00,0
2050-10-06T21:36:00,0
2050-10-06T22:36:00,0
2050-10-06T23:36:00,0
2050-10-07T00:36:00,0
2050-10-07T01:36:00,0
2050-10-07T02:36:00,0
2050-10-07T03:36:00,0
2050-10-07T04:36:00,0
2050-10-07T05:36:00,0
2050-10-07T06:36:00,0
2050-10-07T07:36:00,0
2050-10-07T08:36:00,0
2050-10-07T09:36:00,0
2050-10-07T10:36:00,0
2050-10-07T11:36:00,0
2050-10-07T12:36:00,0
2050-10-07T13:36:00,0
2050-10-07T14:36:00,0
2050-10-07T15:36:00,0
2050-10-07T16:36:00,0
2050-10-07T17:36:00,0
2050-10-07T18:36:00,0
2050-10-07T19:36:00,0
2050-10-07T20:36:00,0
2050-10-07T21:36:00,0
2050-10-07T22:36:00,0
2050-10-07T23:36:00,0
2050-10-08T00:36:00,0
2050-10-08T01:36:00,0
2050-10-08T02:36:00,16.8496986339076
2050-10-08T03:36:00,13.0884595517082
2050-10-08T04:36:00,14.1296253209601
2050-10-08T05:36:00,13.8172325005762
2050-10-08T06:36:00,13.8099770526735
2050-10-08T07:36:00,13.7460484432396
2050-10-08T08:36:00,13.7048379542681
2050-10-08T09:36:00,13.6648865690737
2050-10-08T10:36:00,13.6311391622082
2050-10-08T11:36:00,13.6021215521614
2050-10-08T12:36:00,13.5769589067509
2050-10-08T13:36:00,0
2050-10-08T14:36:00,0
2050-10-08T15:36:00,0
2050-10-08T16:36:00,0
2050-10-08T17:36:00,0
2050-10-08T18:36:00,0
2050-10-08T19:36:00,0
2050-10-08T20:36:00,0
2050-10-08T21:36:00,0
2050-10-08T22:36:00,0
2050-10-08T23:36:00,0
2050-10-09T00:36:00,0
2050-10-09T01:36:00,0
2050-10-09T02:36:00,0
2050-10-09T03:36:00,0
2050-10-09T04:36:00,16.3953343876152
2050-10-09T05:36:00,13.1911045999902
2050-10-09T06:36:00,14.0259766899671
2050-10-09T07:36:00,13.7573724070464
2050-10-09T08:36:00,13.7400069809663
2050-10-09T09:36:00,13.6802537087932
2050-10-09T10:36:00,13.6402061929465
2050-10-09T11:36:00,13.6052876339185
2050-10-09T12:36:00,13.5764203584653
2050-10-09T13:36:00,13.5512014475391
2050-10-09T14:36:00,13.5290578691068
2050-10-09T15:36:00,0
2050-10-09T16:36:00,0
2050-10-09T17:36:00,0
2050-10-09T18:36:00,0
2050-10-09T19:36:00,0
2050-10-09T20:36:00,15.4629000347753
2050-10-09T21:36:00,13.3155145901724
2050-10-09T22:36:00,13.7780466158937
2050-10-09T23:36:00,13.5995139809912
2050-10-10T00:36:00,13.5757668811685
2050-10-10T01:36:00,13.5360499690397
2050-10-10T02:36:00,13.5085413675548
2050-10-10T03:36:00,13.4843233447553
2050-10-10T04:36:00,13.4639751484093
2050-10-10T05:36:00,13.4459104222035
2050-10-10T06:36:00,0
2050-10-10T07:36:00,0
2050-10-10T08:36:00,0
2050-10-10T09:36:00,0
2050-10-10T10:36:00,0
2050-10-10T11:36:00,0
2050-10-10T12:36:00,0
2050-10-10T13:36:00,0
2050-10-10T14:36:00,0
2050-10-10T15:36:00,0
2050-10-10T16:36:00,0
2050-10-10T17:36:00,15.90296389765
2050-10-10T18:36:00,0
2050-10-10T19:36:00,0
2050-10-10T20:36:00,15.3047931422341
2050-10-10T21:36:00,13.35879215656
2050-10-10T22:36:00,13.7803325342936
2050-10-10T23:36:00,13.6141931674139
2050-10-11T00:36:00,13.5875932572928
2050-10-11T01:36:00,13.5466014104372
2050-10-11T02:36:00,13.5171869112223
2050-10-11T03:36:00,13.4915439510376
2050-10-11T04:36:00,13.4689707623043
2050-10-11T05:36:00,13.4489828433467
2050-10-11T06:36:00,13.4313369173471
2050-10-11T07:36:00,13.415888801742
2050-10-11T08:36:00,13.4021840334433
2050-10-11T09:36:00,13.3898575683849
2050-10-11T10:36:00,0
2050-10-11T11:36:00,0
2050-10-11T12:36:00,0
2050-10-11T13:36:00,0
2050-10-11T14:36:00,0
2050-10-11T15:36:00,0
2050-10-11T16:36:00,0
2050-10-11T17:36:00,0
2050-10-11T18:36:00,0
2050-10-11T19:36:00,0
2050-10-11T20:36:00,0
2050-10-11T21:36:00,0
2050-10-11T22:36:00,0
2050-10-11T23:36:00,0
2050-10-12T00:36:00,0
2050-10-12T01:36:00,0
2050-10-12T02:36:00,0
2050-10-12T03:36:00,0
2050-10-12T04:36:00,0
2050-10-12T05:36:00,0
2050-10-12T06:36:00,0
2050-10-12T07:36:00,0
2050-10-12T08:36:00,0
2050-10-12T09:36:00,0
2050-10-12T10:36:00,0
2050-10-12T11:36:00,0
2050-10-12T12:36:00,0
2050-10-12T13:36:00,0
2050-10-12T14:36:00,0
2050-10-12T15:36:00,0
2050-10-12T16:36:00,0
2050-10-12T17:36:00,0
2050-10-12T18:36:00,0
2050-10-12T19:36:00,0
2050-10-12T20:36:00,0
2050-10-12T21:36:00,0
2050-10-12T22:36:00,0
2050-10-12T23:36:00,0
2050-10-13T00:36:00,0
2050-10-13T01:36:00,0
2050-10-13T02:36:00,0
2050-10-13T03:36:00,0
2050-10-13T04:36:00,0
2050-10-13T05:36:00,0
2050-10-13T06:36:00,0
2050-10-13T07:36:00,0
2050-10-13T08:36:00,0
2050-10-13T09:36:00,0
2050-10-13T10:36:00,0
2050-10-13T11:36:00,0
2050-10-13T12:36:00,0
2050-10-13T13:36:00,0
2050-10-13T14:36:00,0
2050-10-13T15:36:00,0
2050-10-13T16:36:00,0
2050-10-13T17:36:00,0
2050-10-13T18:36:00,0
2050-10-13T19:36:00,0
2050-10-13T20:36:00,0
2050-10-13T21:36:00,0
2050-10-13T22:36:00,0
2050-10-13T23:36:00,0
2050-10-14T00:36:00,0
2050-10-14T01:36:00,0
2050-10-14T02:36:00,0
2050-10-14T03:36:00,17.4176391145945
2050-10-14T04:36:00,0
2050-10-14T05:36:00,15.1104444340605
2050-10-14T06:36:00,13.5843418758095
2050-10-14T07:36:00,13.9834604915964
2050-10-14T08:36:00,13.8222725880721
2050-10-14T09:36:00,13.7957780811024
2050-10-14T10:36:00,13.7484768849391
2050-10-14T11:36:00,13.7127489879723
2050-10-14T12:36:00,13.6781418613728
2050-10-14T13:36:00,13.6487310412732
2050-10-14T14:36:00,13.6214670365567
2050-10-14T15:36:00,13.5973603662824
2050-10-14T16:36:00,13.5756968053872
2050-10-14T17:36:00,13.5558987134483
2050-10-14T18:36:00,13.5376078788904
2050-10-14T19:36:00,13.5206491942028
2050-10-14T20:36:00,13.5049187590967
2050-10-14T21:36:00,13.490028038955
2050-10-14T22:36:00,13.475866258015
2050-10-14T23:36:00,13.4626042037428
2050-10-15T00:36:00,13.4500081692411
2050-10-15T01:36:00,13.4379323908448
2050-10-15T02:36:00,13.4266620895085
2050-10-15T03:36:00,13.4160835897827
2050-10-15T04:36:00,13.4061369568574
2050-10-15T05:36:00,13.3967445208704
2050-10-15T06:36:00,13.3878480537759
2050-10-15T07:36:00,13.3793895103438
2050-10-15T08:36:00,13.3712610707348
2050-10-15T09:36:00,13.3634107214682
2050-10-15T10:36:00,13.3558310744676
2050-10-15T11:36:00,13.3485113967826
2050-10-15T12:36:00,13.3414572343296
2050-10-15T13:36:00,13.3346670215
2050-10-15T14:36:00,13.3281343088901
2050-10-15T15:36:00,13.3218471885449
2050-10-15T16:36:00,13.3157723998959
2050-10-15T17:36:00,13.3098399237503
2050-10-15T18:36:00,13.3041084925379
2050-10-15T19:36:00,13.298569727256
2050-10-15T20:36:00,0
2050-10-15T21:36:00,0
2050-10-15T22:36:00,0
2050-10-15T23:36:00,0
2050-10-16T00:36:00,0
2050-10-16T01:36:00,0
2050-10-16T02:36:00,0
2050-10-16T03:36:00,0
2050-10-16T04:36:00,0
2050-10-16T05:36:00,0
2050-10-16T06:36:00,0
2050-10-16T07:36:00,0
2050-10-16T08:36:00,0
2050-10-16T09:36:00,0
2050-10-16T10:36:00,0
2050-10-16T11:36:00,0
2050-10-16T12:36:00,0
2050-10-16T13:36:00,0
2050-10-16T14:36:00,0
2050-10-16T15:36:00,0
2050-10-16T16:36:00,0
2050-10-16T17:36:00,0
2050-10-16T18:36:00,0
2050-10-16T19:36:00,0
2050-10-16T20:36:00,0
2050-10-16T21:36:00,0
2050-10-16T22:36:00,0
2050-10-16T23:36:00,0
2050-10-17T00:36:00,0
2050-10-17T01:36:00,0
2050-10-17T02:36:00,0
2050-10-17T03:36:00,0
2050-10-17T04:36:00,0
2050-10-17T05:36:00,0
2050-10-17T06:36:00,0
2050-10-17T07:36:00,0
2050-10-17T08:36:00,0
2050-10-17T09:36:00,0
2050-10-17T10:36:00,0
2050-10-17T11:36:00,0
2050-10-17T12:36:00,0
2050-10-17T13:36:00,0
2050-10-17T14:36:00,0
2050-10-17T15:36:00,0
2050-10-17T16:36:00,0
2050-10-17T17:36:00,0
2050-10-17T18:36:00,0
2050-10-17T19:36:00,0
2050-10-17T20:36:00,0
2050-10-17T21:36:00,0
2050-10-17T22:36:00,16.9721194976721
2050-10-17T23:36:00,13.0405731047602
2050-10-18T00:36:00,14.1474282397815
2050-10-18T01:36:00,13.8240349600394
2050-10-18T02:36:00,13.8188130000745
2050-10-18T03:36:00,13.7523605447054
2050-10-18T04:36:00,13.7093294128247
2050-10-18T05:36:00,13.6671268895098
2050-10-18T06:36:00,13.6312517934271
2050-10-18T07:36:00,13.6002396251414
2050-10-18T08:36:00,13.573064637089
2050-10-18T09:36:00,13.5486635423313
2050-10-18T10:36:00,13.5266399019114
2050-10-18T11:36:00,13.5066803593845
2050-10-18T12:36:00,13.4880358878777
2050-10-18T13:36:00,13.4706991516518
2050-10-18T14:36:00,13.4544334114955
2050-10-18T15:36:00,13.4391504750976
2050-10-18T16:36:00,0
2050-10-18T17:36:00,14.845239730743
2050-10-18T18:36:00,13.2182585192882
2050-10-18T19:36:00,13.4865460227412
2050-10-18T20:36:00,13.4101796684649
2050-10-18T21:36:00,13.4012695440238
2050-10-18T22:36:00,13.3847276221583
2050-10-18T23:36:00,13.3720860827581
2050-10-19T00:36:00,13.3604941916434
2050-10-19T01:36:00,13.349985000414
2050-10-19T02:36:00,13.3403111930132
2050-10-19T03:36:00,13.3313419644683
2050-10-19T04:36:00,13.3229613508151
2050-10-19T05:36:00,13.3150131704793
2050-10-19T06:36:00,13.3074589932058
2050-10-19T07:36:00,13.3002925715647
2050-10-19T08:36:00,13.2934851464607
2050-10-19T09:36:00,13.2869969252496
2050-10-19T10:36:00,13.2806995849466
2050-10-19T11:36:00,13.2746160337082
2050-10-19T12:36:00,0
2050-10-19T13:36:00,0
2050-10-19T14:36:00,0
2050-10-19T15:36:00,0
2050-10-19T16:36:00,0
2050-10-19T17:36:00,0
2050-10-19T18:36:00,0
2050-10-19T19:36:00,0
2050-10-19T20:36:00,0
2050-10-19T21:36:00,0
2050-10-19T22:36:00,0
2050-10-19T23:36:00,0
2050-10-20T00:36:00,0
2050-10-20T01:36:00,0
2050-10-20T02:36:00,0
2050-10-20T03:36:00,0
2050-10-20T04:36:00,15.8600198247519
2050-10-20T05:36:00,13.2448574050213
2050-10-20T06:36:00,13.8418735890421
2050-10-20T07:36:00,13.6155751635235
2050-10-20T08:36:00,13.583686640726
2050-10-20T09:36:00,13.5307060715319
2050-10-20T10:36:00,13.4934709223745
2050-10-20T11:36:00,13.4600120365942
2050-10-20T12:36:00,13.4319581507181
2050-10-20T13:36:00,13.4085489849606
2050-10-20T14:36:00,13.3883429593753
2050-10-20T15:36:00,13.3705827019514
2050-10-20T16:36:00,13.3547223980956
2050-10-20T17:36:00,13.3404665873265
2050-10-20T18:36:00,13.3275838484221
2050-10-20T19:36:00,13.3157176808571
2050-10-20T20:36:00,13.3048106718653
2050-10-20T21:36:00,13.2947701970217
2050-10-20T22:36:00,13.285410782782
2050-10-20T23:36:00,13.2765233915305
2050-10-21T00:36:00,13.2681605007956
2050-10-21T01:36:00,13.2603433899134
2050-10-21T02:36:00,13.2529309853049
2050-10-21T03:36:00,13.2458792033789
2050-10-21T04:36:00,13.2392785791088
2050-10-21T05:36:00,13.2330942455045
2050-10-21T06:36:00,13.2272443699868
2050-10-21T07:36:00,13.221685826507
2050-10-21T08:36:00,13.216383237399
2050-10-21T09:36:00,13.2113104763013
2050-10-21T10:36:00,13.2064210050751
2050-10-21T11:36:00,13.2016868004322
2050-10-21T12:36:00,0
2050-10-21T13:36:00,0
2050-10-21T14:36:00,0
2050-10-21T15:36:00,0
2050-10-21T16:36:00,0
2050-10-21T17:36:00,0
2050-10-21T18:36:00,0
2050-10-21T19:36:00,0
2050-10-21T20:36:00,0
2050-10-21T21:36:00,15.2597125936877
2050-10-21T22:36:00,13.2443705185063
2050-10-21T23:36:00,13.6203689100682
2050-10-22T00:36:00,13.4592145995931
2050-10-22T01:36:00,13.4216899669806
2050-10-22T02:36:00,13.380181253736
2050-10-22T03:36:00,13.3504710659879
2050-10-22T04:36:00,13.3257769188613
2050-10-22T05:36:00,13.3053017166437
2050-10-22T06:36:00,13.2879262091454
2050-10-22T07:36:00,13.2723915395564
2050-10-22T08:36:00,13.2590323698797
2050-10-22T09:36:00,13.2469146988763
2050-10-22T10:36:00,13.236250955489
2050-10-22T11:36:00,13.2267661816943
2050-10-22T12:36:00,13.2181949877666
2050-10-22T13:36:00,13.2103254518327
2050-10-22T14:36:00,13.2030157106339
2050-10-22T15:36:00,13.1962228690653
2050-10-22T16:36:00,13.1898935373345
2050-10-22T17:36:00,13.1839812974054
2050-10-22T18:36:00,13.1784463162471
2050-10-22T19:36:00,13.1732444445155
2050-10-22T20:36:00,13.1683284044763
2050-10-22T21:36:00,13.1636513129099
2050-10-22T22:36:00,13.1591944368473
2050-10-22T23:36:00,13.1549356403024
2050-10-23T00:36:00,13.1508620928541
2050-10-23T01:36:00,13.1469593264127
2050-10-23T02:36:00,13.1431885769949
2050-10-23T03:36:00,13.1395391595542
2050-10-23T04:36:00,13.1360310083807
2050-10-23T05:36:00,13.1326548221105
2050-10-23T06:36:00,13.1293963468604
2050-10-23T07:36:00,13.1262424241159
2050-10-23T08:36:00,13.1231854172149
2050-10-23T09:36:00,13.1202203413936
2050-10-23T10:36:00,13.1173318665047
2050-10-23T11:36:00,13.1145126349948
2050-10-23T12:36:00,13.1117652335762
2050-10-23T13:36:00,13.1090893073594
2050-10-23T14:36:00,13.1064824932861
2050-10-23T15:36:00,0
2050-10-23T16:36:00,0
2050-10-23T17:36:00,0
2050-10-23T18:36:00,0
2050-10-23T19:36:00,0
2050-10-23T20:36:00,0
2050-10-23T21:36:00,0
2050-10-23T22:36:00,0
2050-10-23T23:36:00,0
2050-10-24T00:36:00,0
2050-10-24T01:36:00,15.1294081836374
2050-10-24T02:36:00,13.2324815722956
2050-10-24T03:36:00,13.558657435265
2050-10-24T04:36:00,13.4023495571613
2050-10-24T05:36:00,13.3640836340337
2050-10-24T06:36:00,13.3222374827448
2050-10-24T07:36:00,13.2920806313727
2050-10-24T08:36:00,13.2665527277091
2050-10-24T09:36:00,13.2452514351575
2050-10-24T10:36:00,13.2275775503706
2050-10-24T11:36:00,13.2125796350084
2050-10-24T12:36:00,13.1995914593257
2050-10-24T13:36:00,13.1882057580766
2050-10-24T14:36:00,13.1781273247433
2050-10-24T15:36:00,13.1691216356274
2050-10-24T16:36:00,13.1609670217607
2050-10-24T17:36:00,13.1535383587591
2050-10-24T18:36:00,13.1467003229551
2050-10-24T19:36:00,13.1403487202295
2050-10-24T20:36:00,13.1344544211424
2050-10-24T21:36:00,13.1289680161568
2050-10-24T22:36:00,13.1238421249915
2050-10-24T23:36:00,13.1190049976147
2050-10-25T00:36:00,13.1144356360728
2050-10-25T01:36:00,13.1101165071131
2050-10-25T02:36:00,13.1060283295775
2050-10-25T03:36:00,13.1021508393249
2050-10-25T04:36:00,13.098464587149
2050-10-25T05:36:00,13.0949518134049
2050-10-25T06:36:00,13.0915430736526
2050-10-25T08:36:00,13.088286327592
2050-10-25T08:36:00,13.0851522435076
2050-10-25T09:36:00,13.0821457566946
2050-10-25T10:36:00,13.0792505887547
2050-10-25T11:36:00,13.0764576957399
2050-10-25T12:36:00,13.0737759191594
2050-10-25T13:36:00,13.0711843633567
2050-10-25T14:36:00,13.0686687544456
2050-10-25T15:36:00,13.0662122635119
2050-10-25T16:36:00,13.0638058143595
2050-10-25T17:36:00,13.0614773200714
2050-10-25T18:36:00,13.0592157548527
2050-10-25T19:36:00,13.0570159884648
2050-10-25T20:36:00,13.0548723809493
2050-10-25T21:36:00,13.0527828427153
2050-10-25T22:36:00,13.0507450499828
2050-10-25T23:36:00,13.0487547194304
2050-10-26T00:36:00,13.0468064703373
2050-10-26T01:36:00,13.044903693169
2050-10-26T02:36:00,13.0430386719923
2050-10-26T03:36:00,13.0411890442665
2050-10-26T04:36:00,13.0393675181306
2050-10-26T05:36:00,13.0375787707982
2050-10-26T06:36:00,13.0358210133048
2050-10-26T07:36:00,13.0341046070781
2050-10-26T08:36:00,13.0324228688053
2050-10-26T09:36:00,13.0307729323366
2050-10-26T10:36:00,13.0291532335909
2050-10-26T11:36:00,13.0275628657194
2050-10-26T12:36:00,13.0260007288754
2050-10-26T13:36:00,13.0244656924498
2050-10-26T14:36:00,0
2050-10-26T15:36:00,0
2050-10-26T16:36:00,0
2050-10-26T17:36:00,0
2050-10-26T18:36:00,0
2050-10-26T19:36:00,14.5292773111567
2050-10-26T20:36:00,0
2050-10-26T21:36:00,14.649944844828
2050-10-26T22:36:00,13.0655039586049
2050-10-26T23:36:00,13.27367252912
2050-10-27T00:36:00,13.1884246710132
2050-10-27T01:36:00,13.1659025015436
2050-10-27T02:36:00,13.1427977983749
2050-10-27T03:36:00,13.1257248826247
2050-10-27T04:36:00,13.111805943044
2050-10-27T05:36:00,13.1003109100765
2050-10-27T06:36:00,13.0904432704629
2050-10-27T07:36:00,13.0818952963688
2050-10-27T08:36:00,13.0744332130016
2050-10-27T09:36:00,13.067880173758
2050-10-27T10:36:00,13.0619832518296
2050-10-27T11:36:00,13.056720853057
2050-10-27T12:36:00,13.0519566931481
2050-10-27T13:36:00,13.0475858305755
2050-10-27T14:36:00,13.043509861711
2050-10-27T15:36:00,13.0397265234181
2050-10-27T16:36:00,13.0361959041509
2050-10-27T17:36:00,13.0329148022239
2050-10-27T18:36:00,13.0298363530542
2050-10-27T19:36:00,13.0269375546187
2050-10-27T20:36:00,13.02419746623
2050-10-27T21:36:00,13.021597692417
2050-10-27T22:36:00,13.0191213663113
2050-10-27T23:36:00,13.0167546334867
2050-10-28T00:36:00,13.014486656488
2050-10-28T01:36:00,13.0123087308225
2050-10-28T02:36:00,13.0102132135619
2050-10-28T03:36:00,13.0081934912329
2050-10-28T04:36:00,13.0062437901566
2050-10-28T05:36:00,13.0043589530989
2050-10-28T06:36:00,13.0025343046459
2050-10-28T07:36:00,13.0007655682259
2050-10-28T08:36:00,12.9990480468019
2050-10-28T09:36:00,12.9973781524354
2050-10-28T10:36:00,12.9957528910887
2050-10-28T11:36:00,12.9941695544636
2050-10-28T12:36:00,12.9926255722588
2050-10-28T13:36:00,12.991118027347
2050-10-28T14:36:00,12.9896445852867
2050-10-28T15:36:00,12.9882024674061
2050-10-28T16:36:00,12.9867905663537
2050-10-28T17:36:00,12.9854076366776
2050-10-28T18:36:00,12.9840521970821
2050-10-28T19:36:00,12.9827221845529
2050-10-28T20:36:00,12.9814161389375
2050-10-28T21:36:00,12.9801325294293
2050-10-28T22:36:00,12.9788691402544
2050-10-28T23:36:00,12.9776215979131
2050-10-29T00:36:00,12.9763885560307
2050-10-29T01:36:00,12.9751696536627
2050-10-29T02:36:00,12.9739594127191
2050-10-29T03:36:00,12.9727596961162
2050-10-29T04:36:00,12.9715809217751
2050-10-29T05:36:00,12.9704206513725
2050-10-29T06:36:00,12.9692782639439
2050-10-29T07:36:00,12.9681528275899
2050-10-29T08:36:00,0
2050-10-29T09:36:00,0
2050-10-29T10:36:00,0
2050-10-29T11:36:00,0
2050-10-29T12:36:00,0
2050-10-29T13:36:00,0
2050-10-29T14:36:00,0
2050-10-29T15:36:00,0
2050-10-29T16:36:00,0
2050-10-29T17:36:00,0
2050-10-29T18:36:00,0
2050-10-29T19:36:00,0
2050-10-29T20:36:00,0
2050-10-29T21:36:00,0
2050-10-29T22:36:00,0
2050-10-29T23:36:00,0
2050-10-30T00:36:00,0
2050-10-30T01:36:00,0
2050-10-30T02:36:00,0
2050-10-30T03:36:00,0
2050-10-30T04:36:00,0
2050-10-30T05:36:00,0
2050-10-30T06:36:00,0
2050-10-30T07:36:00,15.3981774877685
2050-10-30T08:36:00,13.2208781581525
2050-10-30T09:36:00,13.6334412689583
2050-10-30T10:36:00,0
2050-10-30T11:36:00,0
2050-10-30T12:36:00,0
2050-10-30T13:36:00,0
2050-10-30T14:36:00,0
2050-10-30T15:36:00,0
2050-10-30T16:36:00,0
2050-10-30T17:36:00,0
2050-10-30T18:36:00,0
2050-10-30T19:36:00,15.3593706601958
2050-10-30T20:36:00,13.2316708131072
2050-10-30T21:36:00,13.6347623476769
2050-10-30T22:36:00,0
2050-10-30T23:36:00,0
2050-10-31T00:36:00,0
2050-10-31T01:36:00,0
2050-10-31T02:36:00,0
2050-10-31T03:36:00,0
2050-10-31T04:36:00,0
2050-10-31T05:36:00,0
2050-10-31T06:36:00,0
2050-10-31T07:36:00,0
2050-10-31T08:36:00,0
2050-10-31T09:36:00,0
2050-10-31T10:36:00,0
2050-10-31T11:36:00,0
2050-10-31T12:36:00,0
2050-10-31T13:36:00,0
2050-10-31T14:36:00,0
2050-10-31T15:36:00,0
2050-10-31T16:36:00,0
2050-10-31T17:36:00,0
2050-10-31T18:36:00,0
2050-10-31T19:36:00,0
2050-10-31T20:36:00,0
2050-10-31T21:36:00,0
2050-10-31T22:36:00,15.9077635287435
2050-10-31T23:36:00,13.2250212339415
2050-11-01T00:36:00,13.8313926899881
2050-11-01T01:36:00,13.5942548662625
2050-11-01T02:36:00,13.5556561503519
2050-11-01T03:36:00,13.4963165008275
2050-11-01T04:36:00,13.4502552958394
2050-11-01T05:36:00,13.4120797172509
2050-11-01T06:36:00,13.3802923136764
2050-11-01T07:36:00,13.3529782183841
2050-11-01T08:36:00,13.3289184884257
2050-11-01T09:36:00,13.3075058349418
2050-11-01T10:36:00,13.2883348614554
2050-11-01T11:36:00,13.2704115390426
2050-11-01T12:36:00,13.2542512769563
2050-11-01T13:36:00,13.2392560190854
2050-11-01T14:36:00,13.22587667821
2050-11-01T15:36:00,13.2135104804776
2050-11-01T16:36:00,13.2020445103495
2050-11-01T17:36:00,13.1913940806237
2050-11-01T18:36:00,13.1814867467426
2050-11-01T19:36:00,13.172259686788
2050-11-01T20:36:00,13.1636016704121
2050-11-01T21:36:00,13.1554521912013
2050-11-01T22:36:00,13.1477193022884
2050-11-01T23:36:00,13.1403418529195
2050-11-02T00:36:00,13.1333409178214
2050-11-02T01:36:00,13.1266792503682
2050-11-02T02:36:00,13.120321033133
2050-11-02T03:36:00,13.11425788097
2050-11-02T04:36:00,13.1084786391045
2050-11-02T05:36:00,13.1029673677507
2050-11-02T06:36:00,13.0977060256157
2050-11-02T07:36:00,13.0925952688344
2050-11-02T08:36:00,13.0877105534237
2050-11-02T09:36:00,13.0829934418295
2050-11-02T10:36:00,13.0784383932094
2050-11-02T11:36:00,13.0740848210337
2050-11-02T12:36:00,13.0698942117755
2050-11-02T13:36:00,13.0658191490619
2050-11-02T14:36:00,13.0618643452763
2050-11-02T15:36:00,13.0580675631634
2050-11-02T16:36:00,13.0544066651535
2050-11-02T17:36:00,13.0508712162099
2050-11-02T18:36:00,13.0474407834014
2050-11-02T19:36:00,13.0440861560275
2050-11-02T20:36:00,13.0408092226858
2050-11-02T21:36:00,13.0376247502672
2050-11-02T22:36:00,13.0345285632173
2050-11-02T23:36:00,13.0315333790784
2050-11-03T00:36:00,13.028624472928
2050-11-03T01:36:00,13.0257980852883
2050-11-03T02:36:00,13.0230483986956
2050-11-03T03:36:00,13.0203692907602
2050-11-03T04:36:00,13.017756122418
2050-11-03T05:36:00,13.0152059608005
2050-11-03T06:36:00,13.0127166666087
2050-11-03T07:36:00,13.0102861559465
2050-11-03T08:36:00,13.0079125676552
2050-11-03T09:36:00,13.005594137905
2050-11-03T10:36:00,13.0033290800957
2050-11-03T11:36:00,13.0011153763659
2050-11-03T12:36:00,12.9989501065376
2050-11-03T13:36:00,12.9968314108513
2050-11-03T14:36:00,12.9947576025968
2050-11-03T15:36:00,12.9927268170815
2050-11-03T16:36:00,12.9907361285975
2050-11-03T17:36:00,12.9887826888394
2050-11-03T18:36:00,12.9868648228128
2050-11-03T19:36:00,12.9849820595428
2050-11-03T20:36:00,12.9831330397879
2050-11-03T21:36:00,12.9813162393372
2050-11-03T22:36:00,12.9795254141244
2050-11-03T23:36:00,12.9777589763789
2050-11-04T00:36:00,12.9760180243959
2050-11-04T01:36:00,12.9742842247702
2050-11-04T02:36:00,12.9725788996217
2050-11-04T03:36:00,12.970904513998
2050-11-04T04:36:00,12.9692595210711
2050-11-04T05:36:00,12.967641877889
2050-11-04T06:36:00,12.9660505702856
2050-11-04T07:36:00,12.9644848175499
2050-11-04T08:36:00,12.9629441138775
2050-11-04T09:36:00,12.9614278606384
2050-11-04T10:36:00,12.9599287137789
2050-11-04T11:36:00,12.9584451303941
2050-11-04T12:36:00,12.9569835158605
2050-11-04T13:36:00,12.9555448142063
2050-11-04T14:36:00,12.9541294547291
2050-11-04T15:36:00,12.9527369374317
2050-11-04T16:36:00,12.9513664077242
2050-11-04T17:36:00,12.9500167346959
2050-11-04T18:36:00,12.9486868370309
2050-11-04T19:36:00,12.9473758112006
2050-11-04T20:36:00,12.9460833544294
2050-11-04T21:36:00,12.9448088193674
2050-11-04T22:36:00,12.9435511525637
2050-11-04T23:36:00,12.9423098425393
2050-11-05T00:36:00,12.9410844656988
2050-11-05T01:36:00,12.9398746612124
2050-11-05T02:36:00,12.938680095974
2050-11-05T03:36:00,12.9375004500189
2050-11-05T04:36:00,12.9363354090299
2050-11-05T05:36:00,12.9351846613378
2050-11-05T06:36:00,12.9340478961311
2050-11-05T07:36:00,12.932924799287
2050-11-05T08:36:00,12.9318150464065
2050-11-05T09:36:00,12.9307183043078
2050-11-05T10:36:00,12.9296342285274
2050-11-05T11:36:00,12.9285624713499
2050-11-05T12:36:00,12.9275026847744
2050-11-05T13:36:00,12.9264540477575
2050-11-05T14:36:00,12.9254152195655
2050-11-05T15:36:00,12.9243856527696
2050-11-05T16:36:00,12.9233641343171
2050-11-05T17:36:00,12.9223485725003
2050-11-05T18:36:00,12.9213394576774
2050-11-05T19:36:00,12.9203341343955
2050-11-05T20:36:00,12.9193353301875
2050-11-05T21:36:00,12.9183434244615
2050-11-05T22:36:00,12.9173562621235
2050-11-05T23:36:00,12.916381084741
2050-11-06T00:36:00,12.9154172085628
2050-11-06T01:36:00,12.9144639134212
2050-11-06T02:36:00,12.9135205370299
2050-11-06T03:36:00,12.9125865782685
2050-11-06T04:36:00,12.9116616603959
2050-11-06T05:36:00,12.9107455004072
2050-11-06T06:36:00,12.9098378805587
2050-11-06T07:36:00,12.9089386256305
2050-11-06T08:36:00,12.9080475861742
2050-11-06T09:36:00,12.9071646271568
2050-11-06T10:36:00,12.9062896205602
2050-11-06T11:36:00,12.9054224304716
2050-11-06T12:36:00,12.9045629094695
2050-11-06T13:36:00,12.9037109055561
2050-11-06T14:36:00,12.9028662677008
2050-11-06T15:36:00,0
2050-11-06T16:36:00,0
2050-11-06T17:36:00,0
2050-11-06T18:36:00,0
2050-11-06T19:36:00,0
2050-11-06T20:36:00,0
2050-11-06T21:36:00,0
2050-11-06T22:36:00,0
2050-11-06T23:36:00,0
2050-11-07T00:36:00,0
2050-11-07T01:36:00,0
2050-11-07T02:36:00,0
2050-11-07T03:36:00,0
2050-11-07T04:36:00,0
2050-11-07T05:36:00,0
2050-11-07T06:36:00,0
2050-11-07T07:36:00,0
2050-11-07T08:36:00,0
2050-11-07T09:36:00,0
2050-11-07T10:36:00,0
2050-11-07T11:36:00,0
2050-11-07T12:36:00,0
2050-11-07T13:36:00,0
2050-11-07T14:36:00,0
2050-11-07T15:36:00,0
2050-11-07T16:36:00,0
2050-11-07T17:36:00,0
2050-11-07T18:36:00,0
2050-11-07T19:36:00,0
2050-11-07T20:36:00,0
2050-11-07T21:36:00,0
2050-11-07T22:36:00,0
2050-11-07T23:36:00,0
2050-11-08T00:36:00,0
2050-11-08T01:36:00,0
2050-11-08T02:36:00,0
2050-11-08T03:36:00,0
2050-11-08T04:36:00,0
2050-11-08T05:36:00,0
2050-11-08T06:36:00,0
2050-11-08T07:36:00,0
2050-11-08T08:36:00,0
2050-11-08T09:36:00,0
2050-11-08T10:36:00,0
2050-11-08T11:36:00,0
2050-11-08T12:36:00,0
2050-11-08T13:36:00,0
2050-11-08T14:36:00,0
2050-11-08T15:36:00,0
2050-11-08T16:36:00,0
2050-11-08T17:36:00,0
2050-11-08T18:36:00,0
2050-11-08T19:36:00,0
2050-11-08T20:36:00,0
2050-11-08T21:36:00,0
2050-11-08T22:36:00,0
2050-11-08T23:36:00,0
2050-11-09T00:36:00,0
2050-11-09T01:36:00,0
2050-11-09T02:36:00,0
2050-11-09T03:36:00,0
2050-11-09T04:36:00,0
2050-11-09T05:36:00,0
2050-11-09T06:36:00,16.0077347106547
2050-11-09T07:36:00,13.2141662209032
2050-11-09T08:36:00,0
2050-11-09T09:36:00,0
2050-11-09T10:36:00,0
2050-11-09T11:36:00,0
2050-11-09T12:36:00,0
2050-11-09T13:36:00,0
2050-11-09T14:36:00,0
2050-11-09T15:36:00,0
2050-11-09T16:36:00,0
2050-11-09T17:36:00,0
2050-11-09T18:36:00,0
2050-11-09T19:36:00,0
2050-11-09T20:36:00,0
2050-11-09T21:36:00,0
2050-11-09T22:36:00,0
2050-11-09T23:36:00,0
2050-11-10T00:36:00,0
2050-11-10T01:36:00,0
2050-11-10T02:36:00,0
2050-11-10T03:36:00,0
2050-11-10T04:36:00,0
2050-11-10T05:36:00,0
2050-11-10T06:36:00,0
2050-11-10T07:36:00,0
2050-11-10T08:36:00,0
2050-11-10T09:36:00,0
2050-11-10T10:36:00,0
2050-11-10T11:36:00,0
2050-11-10T12:36:00,0
2050-11-10T13:36:00,0
2050-11-10T14:36:00,0
2050-11-10T15:36:00,0
2050-11-10T16:36:00,0
2050-11-10T17:36:00,0
2050-11-10T18:36:00,0
2050-11-10T19:36:00,0
2050-11-10T20:36:00,0
2050-11-10T21:36:00,0
2050-11-10T22:36:00,0
2050-11-10T23:36:00,0
2050-11-11T00:36:00,0
2050-11-11T01:36:00,0
2050-11-11T02:36:00,0
2050-11-11T03:36:00,0
2050-11-11T04:36:00,0
2050-11-11T05:36:00,0
2050-11-11T06:36:00,0
2050-11-11T07:36:00,0
2050-11-11T08:36:00,0
2050-11-11T09:36:00,0
2050-11-11T10:36:00,0
2050-11-11T11:36:00,0
2050-11-11T12:36:00,0
2050-11-11T13:36:00,0
2050-11-11T14:36:00,0
2050-11-11T15:36:00,0
2050-11-11T16:36:00,0
2050-11-11T17:36:00,0
2050-11-11T18:36:00,0
2050-11-11T19:36:00,0
2050-11-11T20:36:00,0
2050-11-11T21:36:00,0
2050-11-11T22:36:00,0
2050-11-11T23:36:00,0
2050-11-12T00:36:00,0
2050-11-12T01:36:00,0
2050-11-12T02:36:00,0
2050-11-12T03:36:00,0
2050-11-12T04:36:00,0
2050-11-12T05:36:00,0
2050-11-12T06:36:00,16.6517840866504
2050-11-12T07:36:00,13.0869267446072
2050-11-12T08:36:00,14.0569950644092
2050-11-12T09:36:00,13.7524675575551
2050-11-12T10:36:00,13.7324846621238
2050-11-12T11:36:00,13.6613535364278
2050-11-12T12:36:00,13.6132015702143
2050-11-12T13:36:00,13.5705427435075
2050-11-12T14:36:00,13.5341804589983
2050-11-12T15:36:00,13.502002624521
2050-11-12T16:36:00,13.4725812110265
2050-11-12T17:36:00,13.445333605539
2050-11-12T18:36:00,13.4212649945514
2050-11-12T19:36:00,13.3997335850325
2050-11-12T20:36:00,13.380082508139
2050-11-12T21:36:00,13.3620464787686
2050-11-12T22:36:00,13.3453253091186
2050-11-12T23:36:00,0
2050-11-13T00:36:00,0
2050-11-13T01:36:00,0
2050-11-13T02:36:00,0
2050-11-13T03:36:00,0
2050-11-13T04:36:00,0
2050-11-13T05:36:00,0
2050-11-13T06:36:00,0
2050-11-13T07:36:00,0
2050-11-13T08:36:00,0
2050-11-13T09:36:00,0
2050-11-13T10:36:00,0
2050-11-13T11:36:00,0
2050-11-13T12:36:00,0
2050-11-13T13:36:00,0
2050-11-13T14:36:00,0
2050-11-13T15:36:00,0
2050-11-13T16:36:00,0
2050-11-13T17:36:00,0
2050-11-13T18:36:00,0
2050-11-13T19:36:00,0
2050-11-13T20:36:00,0
2050-11-13T21:36:00,0
2050-11-13T22:36:00,0
2050-11-13T23:36:00,16.0620512941029
2050-11-14T00:36:00,13.2476151217157
2050-11-14T01:36:00,13.8872964647294
2050-11-14T02:36:00,13.6445566766376
2050-11-14T03:36:00,13.6081262223733
2050-11-14T04:36:00,13.5481295022569
2050-11-14T05:36:00,13.504910546741
2050-11-14T06:36:00,13.4659764299859
2050-11-14T07:36:00,0
2050-11-14T08:36:00,0
2050-11-14T09:36:00,0
2050-11-14T10:36:00,0
2050-11-14T11:36:00,0
2050-11-14T12:36:00,0
2050-11-14T13:36:00,0
2050-11-14T14:36:00,0
2050-11-14T15:36:00,0
2050-11-14T16:36:00,0
2050-11-14T17:36:00,0
2050-11-14T18:36:00,0
2050-11-14T19:36:00,0
2050-11-14T20:36:00,0
2050-11-14T21:36:00,0
2050-11-14T22:36:00,0
2050-11-14T23:36:00,0
2050-11-15T00:36:00,15.9310350936391
2050-11-15T01:36:00,13.2255525096876
2050-11-15T02:36:00,13.8531329920472
2050-11-15T03:36:00,13.6144860568408
2050-11-15T04:36:00,13.5792012601322
2050-11-15T05:36:00,13.5212494829772
2050-11-15T06:36:00,13.4788851194645
2050-11-15T07:36:00,13.4407691772231
2050-11-15T08:36:00,13.4096102367077
2050-11-15T09:36:00,13.3828806887227
2050-11-15T10:36:00,13.3595261555391
2050-11-15T11:36:00,13.338732235978
2050-11-15T12:36:00,13.3198913163658
2050-11-15T13:36:00,13.3027648989471
2050-11-15T14:36:00,13.2871556669847
2050-11-15T15:36:00,13.2723241053124
2050-11-15T16:36:00,13.2588133782325
2050-11-15T17:36:00,13.2459872504353
2050-11-15T18:36:00,13.2342562964712
2050-11-15T19:36:00,13.2234568931241
2050-11-15T20:36:00,13.2133183530739
2050-11-15T21:36:00,13.2037397387465
2050-11-15T22:36:00,13.1946883421045
2050-11-15T23:36:00,13.1861331853654
2050-11-16T00:36:00,13.178045292616
2050-11-16T01:36:00,13.1703860998927
2050-11-16T02:36:00,13.1630838787174
2050-11-16T03:36:00,13.156114985448
2050-11-16T04:36:00,13.1494608929768
2050-11-16T05:36:00,13.1430103963449
2050-11-16T06:36:00,13.1368101761953
2050-11-16T07:36:00,13.1308553741927
2050-11-16T08:36:00,13.1251206574836
2050-11-16T09:36:00,13.1195746938625
2050-11-16T10:36:00,13.114219928707
2050-11-16T11:36:00,13.109056211917
2050-11-16T12:36:00,13.1040777648084
2050-11-16T13:36:00,13.0992756506386
2050-11-16T14:36:00,13.0946397913163
2050-11-16T15:36:00,13.0900863259047
2050-11-16T16:36:00,13.0856698701666
2050-11-16T17:36:00,13.0813888036652
2050-11-16T18:36:00,13.0772188061569
2050-11-16T19:36:00,13.0731910676294
2050-11-16T20:36:00,13.0692774683667
2050-11-16T21:36:00,13.065434272442
2050-11-16T22:36:00,13.0616749552154
2050-11-16T23:36:00,13.0580402062137
2050-11-17T00:36:00,13.0545077166775
2050-11-17T01:36:00,13.0510713410099
2050-11-17T02:36:00,13.0477162722654
2050-11-17T03:36:00,13.0444204572427
2050-11-17T04:36:00,13.0411695992481
2050-11-17T05:36:00,13.037991618305
2050-11-17T06:36:00,13.0348799670153
2050-11-17T07:36:00,13.0318542818449
2050-11-17T08:36:00,13.0288992481546
2050-11-17T09:36:00,13.0260127581885
2050-11-17T10:36:00,13.0231897649233
2050-11-17T11:36:00,13.020425034169
2050-11-17T12:36:00,13.0177152417976
2050-11-17T13:36:00,13.0150587863599
2050-11-17T14:36:00,13.0124544916068
2050-11-17T15:36:00,13.0099011436629
2050-11-17T16:36:00,13.0073976004623
2050-11-17T17:36:00,13.0049426663978
2050-11-17T18:36:00,13.0025350365293
2050-11-17T19:36:00,13.0001724814474
2050-11-17T20:36:00,12.9978531143919
2050-11-17T21:36:00,12.9955754002084
2050-11-17T22:36:00,12.993337636072
2050-11-17T23:36:00,12.9911374347942
2050-11-18T00:36:00,12.988971941317
2050-11-18T01:36:00,12.9868397956398
2050-11-18T02:36:00,12.9847413470884
2050-11-18T03:36:00,12.9826755370692
2050-11-18T04:36:00,12.9806362951433
2050-11-18T05:36:00,12.9786219069076
2050-11-18T06:36:00,12.9766324123768
2050-11-18T07:36:00,12.9746464066869
2050-11-18T08:36:00,12.9726879668864
2050-11-18T09:36:00,12.9707597646689
2050-11-18T10:36:00,12.9688612728845
2050-11-18T11:36:00,12.9669911812718
2050-11-18T12:36:00,12.9651489713275
2050-11-18T13:36:00,12.9633341234938
2050-11-18T14:36:00,12.9615461558359
2050-11-18T15:36:00,12.9597720133035
2050-11-18T16:36:00,12.9580176220818
2050-11-18T17:36:00,12.9562883546702
2050-11-18T18:36:00,12.954585250964
2050-11-18T19:36:00,12.9529080535414
2050-11-18T20:36:00,12.9512557556897
2050-11-18T21:36:00,12.9496273654545
2050-11-18T22:36:00,12.9480219532192
2050-11-18T23:36:00,12.9464391561508
2050-11-19T00:36:00,12.9448789650344
2050-11-19T01:36:00,12.9433398452449
2050-11-19T02:36:00,12.9418211622526
2050-11-19T03:36:00,12.9403223359817
2050-11-19T04:36:00,12.9388428387345
2050-11-19T05:36:00,12.9373821597142
2050-11-19T06:36:00,12.9359398015898
2050-11-19T07:36:00,12.9345152837199
2050-11-19T08:36:00,12.9331081471399
2050-11-19T09:36:00,12.9317179579666
2050-11-19T10:36:00,12.9303443083938
2050-11-19T11:36:00,12.9289864013239
2050-11-19T12:36:00,12.9276431516031
2050-11-19T13:36:00,12.9263131243113
2050-11-19T14:36:00,12.9249948283149
2050-11-19T15:36:00,12.9236857206361
2050-11-19T16:36:00,12.922385625767
2050-11-19T17:36:00,12.9210955755399
2050-11-19T18:36:00,12.9198106954181
2050-11-19T19:36:00,12.9185341348874
2050-11-19T20:36:00,12.9172643156804
2050-11-19T21:36:00,12.9160105976
2050-11-19T22:36:00,12.9147721690397
2050-11-19T23:36:00,12.9135482610675
2050-11-20T00:36:00,12.9123382055407
2050-11-20T01:36:00,12.9111415038434
2050-11-20T02:36:00,12.9099577506608
2050-11-20T03:36:00,12.9087865913797
2050-11-20T04:36:00,12.9076276895175
2050-11-20T05:36:00,12.9064807217379
2050-11-20T06:36:00,12.9053453838149
2050-11-20T07:36:00,12.904221394747
2050-11-20T08:36:00,12.9031084968093
2050-11-20T09:36:00,12.9020064533623
2050-11-20T10:36:00,12.9009150459913
2050-11-20T11:36:00,12.8998340716318
2050-11-20T12:36:00,12.8987633003282
2050-11-20T13:36:00,12.8977024681835
2050-11-20T14:36:00,12.8966513419231
2050-11-20T15:36:00,0
2050-11-20T16:36:00,0
2050-11-20T17:36:00,0
2050-11-20T18:36:00,0
2050-11-20T19:36:00,0
2050-11-20T20:36:00,0
2050-11-20T21:36:00,0
2050-11-20T22:36:00,0
2050-11-20T23:36:00,0
2050-11-21T00:36:00,0
2050-11-21T01:36:00,0
2050-11-21T02:36:00,14.7265279177951
2050-11-21T03:36:00,13.1404019809407
2050-11-21T04:36:00,13.3492801680233
2050-11-21T05:36:00,13.218691937365
2050-11-21T06:36:00,13.17532047486
2050-11-21T07:36:00,13.1355884398683
2050-11-21T08:36:00,13.1060071733133
2050-11-21T09:36:00,13.0818442711165
2050-11-21T10:36:00,13.0615213197376
2050-11-21T11:36:00,13.0446974192152
2050-11-21T12:36:00,13.030364426481
2050-11-21T13:36:00,13.0181882595824
2050-11-21T14:36:00,13.0075761518673
2050-11-21T15:36:00,12.9982140922156
2050-11-21T16:36:00,12.9898657260483
2050-11-21T17:36:00,12.9823542128371
2050-11-21T18:36:00,12.9754661607482
2050-11-21T19:36:00,12.9691662437632
2050-11-21T20:36:00,12.9633735271742
2050-11-21T21:36:00,12.9580385292408
2050-11-21T22:36:00,12.9531118907796
2050-11-21T23:36:00,12.9485466222924
2050-11-22T00:36:00,12.9443013202761
2050-11-22T01:36:00,12.9403365594665
2050-11-22T02:36:00,12.9366193008716
2050-11-22T03:36:00,12.9331182558413
2050-11-22T04:36:00,12.9298081950872
2050-11-22T05:36:00,12.9266678358949
2050-11-22T06:36:00,12.9236821993387
2050-11-22T07:36:00,12.9208336425818
2050-11-22T08:36:00,12.9180827464275
2050-11-22T09:36:00,12.9154653047549
2050-11-22T10:36:00,12.912967145282
2050-11-22T11:36:00,12.9105779883097
2050-11-22T12:36:00,12.908288000275
2050-11-22T13:36:00,12.9060887682307
2050-11-22T14:36:00,12.9039728678336
2050-11-22T15:36:00,12.9019336662354
2050-11-22T16:36:00,12.8999652921025
2050-11-22T17:36:00,12.8980625752415
2050-11-22T18:36:00,12.8962205374444
2050-11-22T19:36:00,12.8944273373469
2050-11-22T20:36:00,12.8926828189279
2050-11-22T21:36:00,12.8909805023605
2050-11-22T22:36:00,12.8893209172231
2050-11-22T23:36:00,12.8876956710325
2050-11-23T00:36:00,12.8861097045231
2050-11-23T01:36:00,12.8845667377783
2050-11-23T02:36:00,12.8830540034401
2050-11-23T03:36:00,12.8815775984616
2050-11-23T04:36:00,12.8801321053348
2050-11-23T05:36:00,12.8787229734312
2050-11-23T06:36:00,12.8773481392491
2050-11-23T07:36:00,12.8760039407521
2050-11-23T08:36:00,12.8746882590243
2050-11-23T09:36:00,12.8733994759277
2050-11-23T10:36:00,12.8721366758702
2050-11-23T11:36:00,12.8708990150827
2050-11-23T12:36:00,12.8696856207677
2050-11-23T13:36:00,12.8684955765192
2050-11-23T14:36:00,12.8673279351148
2050-11-23T15:36:00,12.8661817301191
2050-11-23T16:36:00,12.8650559923806
2050-11-23T17:36:00,12.8639496562268
2050-11-23T18:36:00,12.862861601902
2050-11-23T19:36:00,12.8617905467957
2050-11-23T20:36:00,12.8607358822393
2050-11-23T21:36:00,12.8596970182981
2050-11-23T22:36:00,12.8586734109762
2050-11-23T23:36:00,12.8576645733738
2050-11-24T00:36:00,12.856669455401
2050-11-24T01:36:00,12.8556882837014
2050-11-24T02:36:00,12.854720558673
2050-11-24T03:36:00,12.8537654610414
2050-11-24T04:36:00,12.85282231347
2050-11-24T05:36:00,12.8518905535409
2050-11-24T06:36:00,12.8509686850219
2050-11-24T07:36:00,12.8500572488949
2050-11-24T08:36:00,12.8491566466126
2050-11-24T09:36:00,12.8482663700189
2050-11-24T10:36:00,12.8473860761904
2050-11-24T11:36:00,12.8465151995854
2050-11-24T12:36:00,12.8456548224792
2050-11-24T13:36:00,12.8448041451688
2050-11-24T14:36:00,12.8439629428065
2050-11-24T15:36:00,12.8431309647495
2050-11-24T16:36:00,12.8423084228224
2050-11-24T17:36:00,12.8414939459082
2050-11-24T18:36:00,12.8406871791748
2050-11-24T19:36:00,12.8398869585463
2050-11-24T20:36:00,12.8390965890955
2050-11-24T21:36:00,12.8383142855174
2050-11-24T22:36:00,12.8375398265462
2050-11-24T23:36:00,12.8367729491111
2050-11-25T00:36:00,12.8360134413432
2050-11-25T01:36:00,12.8352610956401
2050-11-25T02:36:00,12.834515697917
2050-11-25T03:36:00,12.8337770259758
2050-11-25T04:36:00,12.8330448575872
2050-11-25T05:36:00,12.8323189814134
2050-11-25T06:36:00,12.8315992055123
2050-11-25T07:36:00,12.8308829101078
2050-11-25T08:36:00,12.8301695900027
2050-11-25T09:36:00,12.8294596095882
2050-11-25T10:36:00,12.8287535619357
2050-11-25T11:36:00,12.8280520058534
2050-11-25T12:36:00,12.8273553730118
2050-11-25T13:36:00,0
2050-11-25T14:36:00,13.9234987989041
2050-11-25T15:36:00,12.7795676199211
2050-11-25T16:36:00,12.9031283139714
2050-11-25T17:36:00,12.8653394517943
2050-11-25T18:36:00,12.8576282510694
2050-11-25T19:36:00,12.8502895045405
2050-11-25T20:36:00,12.8452563561777
2050-11-25T21:36:00,0
2050-11-25T22:36:00,0
2050-11-25T23:36:00,0
2050-11-26T00:36:00,0
2050-11-26T01:36:00,0
2050-11-26T02:36:00,14.6545376272591
2050-11-26T03:36:00,12.9409873336063
2050-11-26T04:36:00,13.1123136353497
2050-11-26T05:36:00,13.0177163751563
2050-11-26T06:36:00,12.9870438277056
2050-11-26T07:36:00,12.9604556199393
2050-11-26T08:36:00,12.9412723040444
2050-11-26T09:36:00,12.9262636729515
2050-11-26T10:36:00,12.9140421325508
2050-11-26T11:36:00,12.9039842576379
2050-11-26T12:36:00,12.8955468524835
2050-11-26T13:36:00,0
2050-11-26T14:36:00,0
2050-11-26T15:36:00,0
2050-11-26T16:36:00,0
2050-11-26T17:36:00,0
2050-11-26T18:36:00,0
2050-11-26T19:36:00,0
2050-11-26T20:36:00,0
2050-11-26T21:36:00,0
2050-11-26T22:36:00,0
2050-11-26T23:36:00,0
2050-11-27T00:36:00,0
2050-11-27T01:36:00,0
2050-11-27T02:36:00,0
2050-11-27T03:36:00,0
2050-11-27T04:36:00,0
2050-11-27T05:36:00,0
2050-11-27T06:36:00,0
2050-11-27T07:36:00,0
2050-11-27T08:36:00,0
2050-11-27T09:36:00,0
2050-11-27T10:36:00,0
2050-11-27T11:36:00,0
2050-11-27T12:36:00,0
2050-11-27T13:36:00,0
2050-11-27T14:36:00,0
2050-11-27T15:36:00,0
2050-11-27T16:36:00,0
2050-11-27T17:36:00,0
2050-11-27T18:36:00,0
2050-11-27T19:36:00,0
2050-11-27T20:36:00,0
2050-11-27T21:36:00,0
2050-11-27T22:36:00,0
2050-11-27T23:36:00,0
2050-11-28T00:36:00,0
2050-11-28T01:36:00,0
2050-11-28T02:36:00,0
2050-11-28T03:36:00,0
2050-11-28T04:36:00,0
2050-11-28T05:36:00,0
2050-11-28T06:36:00,0
2050-11-28T07:36:00,0
2050-11-28T08:36:00,0
2050-11-28T09:36:00,0
2050-11-28T10:36:00,0
2050-11-28T11:36:00,0
2050-11-28T12:36:00,0
2050-11-28T13:36:00,0
2050-11-28T14:36:00,0
2050-11-28T15:36:00,0
2050-11-28T16:36:00,0
2050-11-28T17:36:00,0
2050-11-28T18:36:00,0
2050-11-28T19:36:00,0
2050-11-28T20:36:00,0
2050-11-28T21:36:00,0
2050-11-28T22:36:00,0
2050-11-28T23:36:00,0
2050-11-29T00:36:00,0
2050-11-29T01:36:00,0
2050-11-29T02:36:00,0
2050-11-29T03:36:00,0
2050-11-29T04:36:00,0
2050-11-29T05:36:00,0
2050-11-29T06:36:00,0
2050-11-29T07:36:00,0
2050-11-29T08:36:00,0
2050-11-29T09:36:00,0
2050-11-29T10:36:00,0
2050-11-29T11:36:00,0
2050-11-29T12:36:00,0
2050-11-29T13:36:00,0
2050-11-29T14:36:00,0
2050-11-29T15:36:00,0
2050-11-29T16:36:00,0
2050-11-29T17:36:00,0
2050-11-29T18:36:00,0
2050-11-29T19:36:00,0
2050-11-29T20:36:00,0
2050-11-29T21:36:00,0
2050-11-29T22:36:00,0
2050-11-29T23:36:00,0
2050-11-30T00:36:00,0
2050-11-30T01:36:00,0
2050-11-30T02:36:00,0
2050-11-30T03:36:00,0
2050-11-30T04:36:00,0
2050-11-30T05:36:00,0
2050-11-30T06:36:00,0
2050-11-30T07:36:00,-1.60533065189776
2050-11-30T08:36:00,-1.65589095192196
2050-11-30T09:36:00,-1.67239876509799
2050-11-30T10:36:00,-1.68325659934835
2050-11-30T11:36:00,-1.69211247567041
2050-11-30T12:36:00,-1.6998615822817
2050-11-30T13:36:00,-1.70687844023264
2050-11-30T14:36:00,-1.71337150470231
2050-11-30T15:36:00,-1.71917894473939
2050-11-30T16:36:00,-1.72476099435585
2050-11-30T17:36:00,17.3017608770927
2050-11-30T18:36:00,12.637636875398
2050-11-30T19:36:00,13.8885317416375
2050-11-30T20:36:00,13.5963618271612
2050-11-30T21:36:00,13.5865560036827
2050-11-30T22:36:00,13.526720684931
2050-11-30T23:36:00,13.483317521266
2050-12-01T00:36:00,13.4423144449118
2050-12-01T01:36:00,13.4076641718653
2050-12-01T02:36:00,13.3774819561601
2050-12-01T03:36:00,13.3506939988334
2050-12-01T04:36:00,13.3264044963398
2050-12-01T05:36:00,-1.33043366284354
2050-12-01T06:36:00,-1.4807339990639
2050-12-01T07:36:00,-1.47439118258059
2050-12-01T08:36:00,-1.50233259079301
2050-12-01T09:36:00,-1.52346897129402
2050-12-01T10:36:00,-1.54136067923532
2050-12-01T11:36:00,-1.55695959155868
2050-12-01T12:36:00,-1.56971080837776
2050-12-01T13:36:00,-1.58130175802695
2050-12-01T14:36:00,-1.59198162449641
2050-12-01T15:36:00,-1.60193416719854
2050-12-01T16:36:00,-1.61128552157622
2050-12-01T17:36:00,-1.62012885141901
2050-12-01T18:36:00,-1.62816474817491
2050-12-01T19:36:00,-1.63610863491395
2050-12-01T20:36:00,-1.64339137568763
2050-12-01T21:36:00,-1.65033705070067
2050-12-01T22:36:00,-1.65698787979933
2050-12-01T23:36:00,-1.66334526706386
2050-12-02T00:36:00,-1.66944956631146
2050-12-02T01:36:00,-1.67535589041654
2050-12-02T02:36:00,-1.68110299168133
2050-12-02T03:36:00,-1.68671854332015
2050-12-02T04:36:00,-1.69222315396958
2050-12-02T05:36:00,-1.69763293399702
2050-12-02T06:36:00,-1.70296106367584
2050-12-02T07:36:00,-1.70821874837878
2050-12-02T08:36:00,-1.71341581187037
2050-12-02T09:36:00,-1.71831088982062
2050-12-02T10:36:00,-1.72321644527305
2050-12-02T11:36:00,-1.72813680535906
2050-12-02T12:36:00,-1.73306138476411
2050-12-02T13:36:00,-1.73783637829603
2050-12-02T14:36:00,-1.74259476846514
2050-12-02T15:36:00,-1.74736536929871
2050-12-02T16:36:00,-1.7521314544614
2050-12-02T17:36:00,-1.75689695557657
2050-12-02T18:36:00,-1.76159375465999
2050-12-02T19:36:00,-1.76626100136928
2050-12-02T20:36:00,-1.77093044088827
2050-12-02T21:36:00,-1.77561800350141
2050-12-02T22:36:00,-1.78030583894668
2050-12-02T23:36:00,-1.78499576986291
2050-12-03T00:36:00,-1.78969733434774
2050-12-03T01:36:00,-1.79441707946901
2050-12-03T02:36:00,17.9915773058131
2050-12-03T03:36:00,12.2603134846467
2050-12-03T04:36:00,13.8885135652298
2050-12-03T05:36:00,13.606877904443
2050-12-03T06:36:00,13.6152406344901
2050-12-03T07:36:00,13.5615669099871
2050-12-03T08:36:00,13.5232218126788
2050-12-03T09:36:00,13.485910937366
2050-12-03T10:36:00,13.4516120635652
2050-12-03T11:36:00,13.4211403540357
2050-12-03T12:36:00,13.39429135722
2050-12-03T13:36:00,13.3701064236905
2050-12-03T14:36:00,13.3480491090198
2050-12-03T15:36:00,13.3277479272625
2050-12-03T16:36:00,13.3089656487663
2050-12-03T17:36:00,13.2915713875589
2050-12-03T18:36:00,13.2749349628161
2050-12-03T19:36:00,13.2595960561101
2050-12-03T20:36:00,13.2449095754237
2050-12-03T21:36:00,13.2314015290737
2050-12-03T22:36:00,13.2188211568667
2050-12-03T23:36:00,13.2069383626475
2050-12-04T00:36:00,13.1957316630186
2050-12-04T01:36:00,13.1851537775659
2050-12-04T02:36:00,13.1751760106996
2050-12-04T03:36:00,13.1657231790987
2050-12-04T04:36:00,13.1567142561701
2050-12-04T05:36:00,13.1480609517396
2050-12-04T06:36:00,13.1397402670985
2050-12-04T07:36:00,13.1317830425822
2050-12-04T08:36:00,13.124138067659
2050-12-04T09:36:00,13.1167966981133
2050-12-04T10:36:00,13.1097623954327
2050-12-04T11:36:00,13.1030186945502
2050-12-04T12:36:00,13.0965481187222
2050-12-04T13:36:00,13.0902245426515
2050-12-04T14:36:00,13.0841027226004
2050-12-04T15:36:00,13.0781592546521
2050-12-04T16:36:00,13.0724801191104
2050-12-04T17:36:00,13.0669795135699
2050-12-04T18:36:00,13.0616253551974
2050-12-04T19:36:00,13.056488104923
2050-12-04T20:36:00,13.0515161625654
2050-12-04T21:36:00,13.0466614671418
2050-12-04T22:36:00,13.0419077792053
2050-12-04T23:36:00,13.0372990863266
2050-12-05T00:36:00,13.0328216056088
2050-12-05T01:36:00,13.0284889450869
2050-12-05T02:36:00,-1.30242825792319
2050-12-05T03:36:00,-1.43554381860434
2050-12-05T04:36:00,-1.47337732908824
2050-12-05T05:36:00,-1.45083801444199
2050-12-05T06:36:00,-1.46926077036098
2050-12-05T07:36:00,-1.4854340797441
2050-12-05T08:36:00,14.9970487917828
2050-12-05T09:36:00,13.0641853593844
2050-12-05T10:36:00,13.3706717178655
2050-12-05T11:36:00,13.2359062297098
2050-12-05T12:36:00,13.2000494038869
2050-12-05T13:36:00,13.1646345022189
2050-12-05T14:36:00,13.1387397439022
2050-12-05T15:36:00,13.1178293433791
2050-12-05T16:36:00,13.1005519030765
2050-12-05T17:36:00,13.0858655217048
2050-12-05T18:36:00,13.0730384969676
2050-12-05T19:36:00,13.0617639437633
2050-12-05T20:36:00,13.0518154032504
2050-12-05T21:36:00,13.042826150783
2050-12-05T22:36:00,13.0347046434022
2050-12-05T23:36:00,13.0273585505251
2050-12-06T00:36:00,13.0206267166112
2050-12-06T01:36:00,13.0144152774317
2050-12-06T02:36:00,13.0086474193639
2050-12-06T03:36:00,-1.30032603372177
2050-12-06T04:36:00,14.3174512379702
2050-12-06T05:36:00,-1.28978207181601
2050-12-06T06:36:00,-1.4398965486579
2050-12-06T07:36:00,-1.4768338654435
2050-12-06T08:36:00,-1.45269534343763
2050-12-06T09:36:00,-1.46985097408385
2050-12-06T10:36:00,-1.48490247346367
2050-12-06T11:36:00,-1.49819516357329
2050-12-06T12:36:00,-1.50968451935212
2050-12-06T13:36:00,-1.5197314859878
2050-12-06T14:36:00,-1.52903642934664
2050-12-06T15:36:00,-1.53780306196155
2050-12-06T16:36:00,-1.54610642406699
2050-12-06T17:36:00,-1.55401566149918
2050-12-06T18:36:00,-1.56157854097648
2050-12-06T19:36:00,-1.56844440697164
2050-12-06T20:36:00,-1.57502070624775
2050-12-06T21:36:00,15.8124993030478
2050-12-06T22:36:00,13.0537468745418
2050-12-06T23:36:00,13.5978514490691
2050-12-07T00:36:00,13.3945954180816
2050-12-07T01:36:00,13.3529448369676
2050-12-07T02:36:00,13.300689317105
2050-12-07T03:36:00,13.2609493275966
2050-12-07T04:36:00,13.2266627020412
2050-12-07T05:36:00,13.1991586407707
2050-12-07T06:36:00,13.1758169076841
2050-12-07T07:36:00,13.1555223672354
2050-12-07T08:36:00,13.1375892307268
2050-12-07T09:36:00,13.1217050261625
2050-12-07T10:36:00,13.1075236124721
2050-12-07T11:36:00,13.0945673989883
2050-12-07T12:36:00,13.0827588107842
2050-12-07T13:36:00,13.0719707103153
2050-12-07T14:36:00,13.0619739971158
2050-12-07T15:36:00,13.0527814008874
2050-12-07T16:36:00,13.0441943706207
2050-12-07T17:36:00,13.0361918489946
2050-12-07T18:36:00,13.0287678489556
2050-12-07T19:36:00,13.0218467508983
2050-12-07T20:36:00,13.0153642517314
2050-12-07T21:36:00,13.0092718509029
2050-12-07T22:36:00,13.0035259340848
2050-12-07T23:36:00,12.9980887771192
2050-12-08T00:36:00,12.9929204477854
2050-12-08T01:36:00,12.9879818338727
2050-12-08T02:36:00,12.9832553532831
2050-12-08T03:36:00,12.9787264405252
2050-12-08T04:36:00,12.9743298930006
2050-12-08T05:36:00,12.9701123700339
2050-12-08T06:36:00,12.9660658205377
2050-12-08T07:36:00,12.9621612680644
2050-12-08T08:36:00,12.958398480667
2050-12-08T09:36:00,-1.29547790003564
2050-12-08T10:36:00,-1.42368701288747
2050-12-08T11:36:00,-1.46278032725967
2050-12-08T12:36:00,-1.4870477102053
2050-12-08T13:36:00,-1.45717639717842
2050-12-08T14:36:00,-1.47120752791097
2050-12-08T15:36:00,-1.48411060034079
2050-12-08T16:36:00,-1.49581654423927
2050-12-08T17:36:00,-1.50652432645523
2050-12-08T18:36:00,-1.51565071498188
2050-12-08T19:36:00,-1.52415867380515
2050-12-08T20:36:00,-1.53219348210279
2050-12-08T21:36:00,-1.53985302352725
2050-12-08T22:36:00,-1.54718073429314
2050-12-08T23:36:00,-1.55421857808765
2050-12-09T00:36:00,-1.56099711160464
2050-12-09T01:36:00,-1.56729062523819
2050-12-09T02:36:00,-1.57329197643314
2050-12-09T03:36:00,-1.57902116372723
2050-12-09T04:36:00,-1.58451657690677
2050-12-09T05:36:00,-1.58983143165142
2050-12-09T06:36:00,-1.5949980872857
2050-12-09T07:36:00,-1.60004067468965
2050-12-09T08:36:00,-1.60498289772474
2050-12-09T09:36:00,-1.60983963223638
2050-12-09T10:36:00,-1.61462104465877
2050-12-09T11:36:00,-1.61933473723757
2050-12-09T12:36:00,-1.62398679539432
2050-12-09T13:36:00,-1.62846019047737
2050-12-09T14:36:00,-1.63286334294237
2050-12-09T15:36:00,-1.63724403462589
2050-12-09T16:36:00,-1.64148051367108
2050-12-09T17:36:00,-1.6457019342626
2050-12-09T18:36:00,-1.6499228351041
2050-12-09T19:36:00,-1.654064118834
2050-12-09T20:36:00,-1.65817158491049
2050-12-09T21:36:00,-1.66223037519391
2050-12-09T22:36:00,-1.66622569565224
2050-12-09T23:36:00,-1.67016263136039
2050-12-10T00:36:00,-1.67404146293158
2050-12-10T01:36:00,-1.67786489270841
2050-12-10T02:36:00,-1.68163720066745
2050-12-10T03:36:00,-1.6853671853252
2050-12-10T04:36:00,-1.68906360132859
2050-12-10T05:36:00,-1.69273443076528
2050-12-10T06:36:00,-1.69638650415454
2050-12-10T07:36:00,-1.70002550649865
2050-12-10T08:36:00,-1.70365614831572
2050-12-10T09:36:00,-1.7072823715409
2050-12-10T10:36:00,-1.7109075361786
2050-12-10T11:36:00,-1.7145345723091
2050-12-10T12:36:00,-1.71798980213029
2050-12-10T13:36:00,-1.72148878821823
2050-12-10T14:36:00,-1.72502872797851
2050-12-10T15:36:00,-1.72860467666919
2050-12-10T16:36:00,-1.73220957329678
2050-12-10T17:36:00,-1.73573035946881
2050-12-10T18:36:00,-1.73926473877444
2050-12-10T19:36:00,-1.74283654984631
2050-12-10T20:36:00,-1.74644594314678
2050-12-10T21:36:00,-1.75007252510118
2050-12-10T22:36:00,-1.75371814478823
2050-12-10T23:36:00,-1.75738505212831
2050-12-11T00:36:00,-1.76103920997675
2050-12-11T01:36:00,-1.76468397099251
2050-12-11T02:36:00,-1.76833723456532
2050-12-11T03:36:00,-1.77201641086167
2050-12-11T04:36:00,-1.77572980585153
2050-12-11T05:36:00,-1.77948117607375
2050-12-11T06:36:00,-1.78325169044582
2050-12-11T07:36:00,-1.78704054907426
2050-12-11T08:36:00,17.9085403649726
2050-12-11T09:36:00,12.310150529289
2050-12-11T10:36:00,13.896097822863
2050-12-11T11:36:00,13.60144419943
2050-12-11T12:36:00,13.6079516401591
2050-12-11T13:36:00,13.5521022939525
2050-12-11T14:36:00,13.5122627890029
2050-12-11T15:36:00,13.4733735772488
2050-12-11T16:36:00,13.437882041771
2050-12-11T17:36:00,13.4071737038367
2050-12-11T18:36:00,13.3798486185639
2050-12-11T19:36:00,13.3552335804778
2050-12-11T20:36:00,13.3327219608525
2050-12-11T21:36:00,13.3120024038124
2050-12-11T22:36:00,13.2929205418545
2050-12-11T23:36:00,13.2747517096074
2050-12-12T00:36:00,13.2581009173089
2050-12-12T01:36:00,13.2422159401506
2050-12-12T02:36:00,13.2276750946282
2050-12-12T03:36:00,13.2141171745499
2050-12-12T04:36:00,13.201380932686
2050-12-12T05:36:00,13.1894372484586
2050-12-12T06:36:00,13.1782226005127
2050-12-12T07:36:00,13.1676675651865
2050-12-12T08:36:00,13.1576493380832
2050-12-12T09:36:00,13.1480563255022
2050-12-12T10:36:00,13.1388837797752
2050-12-12T11:36:00,13.1301244348147
2050-12-12T12:36:00,13.1217527440738
2050-12-12T13:36:00,13.1137598356027
2050-12-12T14:36:00,13.1061301065832
2050-12-12T15:36:00,13.0988424686729
2050-12-12T16:36:00,13.0917512365953
2050-12-12T17:36:00,13.0849222538248
2050-12-12T18:36:00,13.0783114142409
2050-12-12T19:36:00,-1.30720241260475
2050-12-12T20:36:00,-1.44345886677778
2050-12-12T21:36:00,-1.48266658808107
2050-12-12T22:36:00,-1.46025364928618
2050-12-12T23:36:00,-1.47917693370578
2050-12-13T00:36:00,-1.49577608715985
2050-12-13T01:36:00,-1.50977905509483
2050-12-13T02:36:00,-1.52191650294125
2050-12-13T03:36:00,-1.53304261196377
2050-12-13T04:36:00,-1.54340769631837
2050-12-13T05:36:00,-1.55312570418835
2050-12-13T06:36:00,-1.56213196507507
2050-12-13T07:36:00,-1.57032129025164
2050-12-13T08:36:00,-1.57793398444934
2050-12-13T09:36:00,-1.58517418979296
2050-12-13T10:36:00,-1.59212773263519
2050-12-13T11:36:00,-1.5988386864729
2050-12-13T12:36:00,-1.60534522232121
2050-12-13T13:36:00,-1.61167535175174
2050-12-13T14:36:00,-1.61784902560147
2050-12-13T15:36:00,-1.62388189447261
2050-12-13T16:36:00,-1.62952716248968
2050-12-13T17:36:00,-1.6351400135496
2050-12-13T18:36:00,-1.6405345552321
2050-12-13T19:36:00,-1.64587134094497
2050-12-13T20:36:00,-1.65110639302337
2050-12-13T21:36:00,-1.65625486111249
2050-12-13T22:36:00,-1.66128425161484
2050-12-13T23:36:00,-1.66619334669199
2050-12-14T00:36:00,-1.67097388672557
2050-12-14T01:36:00,-1.67564856736596
2050-12-14T02:36:00,-1.68023910825333
2050-12-14T03:36:00,16.8476377761366
2050-12-14T04:36:00,12.817877251482
2050-12-14T05:36:00,13.8261312450671
2050-12-14T06:36:00,13.5560453082871
2050-12-14T07:36:00,13.5324547617598
2050-12-14T08:36:00,13.470889453977
2050-12-14T09:36:00,13.4251027178591
2050-12-14T10:36:00,13.3864189181541
2050-12-14T11:36:00,13.3536109257522
2050-12-14T12:36:00,13.324629894452
2050-12-14T13:36:00,13.299090191574
2050-12-14T14:36:00,13.275620595333
2050-12-14T15:36:00,13.2546105959543
2050-12-14T16:36:00,13.2352836920674
2050-12-14T17:36:00,13.2180403665716
2050-12-14T18:36:00,13.2023025870831
2050-12-14T19:36:00,13.1878977881621
2050-12-14T20:36:00,13.174662451804
2050-12-14T21:36:00,13.1623907245575
2050-12-14T22:36:00,13.1508668396995
2050-12-14T23:36:00,13.1400272179828
2050-12-15T00:36:00,13.1298224713783
2050-12-15T01:36:00,13.1202124702585
2050-12-15T02:36:00,13.111161523599
2050-12-15T03:36:00,13.1026223420185
2050-12-15T04:36:00,13.0944145331885
2050-12-15T05:36:00,13.086637550872
2050-12-15T06:36:00,13.079155944505
2050-12-15T07:36:00,13.072096026294
2050-12-15T08:36:00,13.0652770588911
2050-12-15T09:36:00,13.0588329633983
2050-12-15T10:36:00,13.0526743128801
2050-12-15T11:36:00,13.0467213721483
2050-12-15T12:36:00,13.040965437162
2050-12-15T13:36:00,-1.3035422560317
2050-12-15T14:36:00,-1.43736620165842
2050-12-15T15:36:00,14.7533145409876
2050-12-15T16:36:00,-1.29481873951991
2050-12-15T17:36:00,-1.45311833052843
2050-12-15T18:36:00,-1.44409640954746
2050-12-15T19:36:00,-1.46629331709184
2050-12-15T20:36:00,-1.48426610723786
2050-12-15T21:36:00,-1.49947833876669
2050-12-15T22:36:00,-1.51193622808816
2050-12-15T23:36:00,-1.52313498572243
2050-12-16T00:36:00,-1.5333022174755
2050-12-16T01:36:00,-1.54278189011253
2050-12-16T02:36:00,-1.55169462573277
2050-12-16T03:36:00,-1.56012496689552
2050-12-16T04:36:00,-1.56772613429244
2050-12-16T05:36:00,-1.57497694373254
2050-12-16T06:36:00,-1.58172549280455
2050-12-16T07:36:00,15.8817350838076
2050-12-16T08:36:00,-1.30571082184191
2050-12-16T09:36:00,-1.46528388710934
2050-12-16T10:36:00,-1.51008579082408
2050-12-16T11:36:00,-1.53470986719868
2050-12-16T12:36:00,-1.55261681734675
2050-12-16T13:36:00,-1.56605221301611
2050-12-16T14:36:00,-1.57726648591702
2050-12-16T15:36:00,-1.58691243843141
2050-12-16T16:36:00,-1.59559696513827
2050-12-16T17:36:00,-1.6035654073079
2050-12-16T18:36:00,-1.61098698163363
2050-12-16T19:36:00,-1.61797673355537
2050-12-16T20:36:00,-1.62461726691137
2050-12-16T21:36:00,-1.63069109318078
2050-12-16T22:36:00,-1.63662056329305
2050-12-16T23:36:00,-1.64223413477158
2050-12-17T00:36:00,-1.64771887068662
2050-12-17T01:36:00,16.5301456158982
2050-12-17T02:36:00,12.9286899508962
2050-12-17T03:36:00,13.7737526388016
2050-12-17T04:36:00,13.5248072800522
2050-12-17T05:36:00,13.4930259734527
2050-12-17T06:36:00,13.4299731241632
2050-12-17T07:36:00,13.386510678884
2050-12-17T08:36:00,13.3488157878305
2050-12-17T09:36:00,13.3166739756257
2050-12-17T10:36:00,13.2888368845217
2050-12-17T11:36:00,13.2635108181851
2050-12-17T12:36:00,13.2406012839231
2050-12-17T13:36:00,13.2204133974747
2050-12-17T14:36:00,-1.32024386873495
2050-12-17T15:36:00,-1.4627654595993
2050-12-17T16:36:00,-1.45726091266901
2050-12-17T17:36:00,-1.48274447068712
2050-12-17T18:36:00,15.0334712708047
2050-12-17T19:36:00,-1.30908604684002
2050-12-17T20:36:00,14.4212552290216
2050-12-17T21:36:00,13.1501530594232
2050-12-17T22:36:00,13.3579653902713
2050-12-17T23:36:00,13.2636652419508
2050-12-18T00:36:00,13.2339787122699
2050-12-18T01:36:00,13.2046468368881
2050-12-18T02:36:00,13.1820228780029
2050-12-18T03:36:00,13.1629181076753
2050-12-18T04:36:00,13.1462549754711
2050-12-18T05:36:00,13.1315754641193
2050-12-18T06:36:00,13.1185127925896
2050-12-18T07:36:00,13.1067580065688
2050-12-18T08:36:00,13.0959653363478
2050-12-18T09:36:00,13.0860168263746
2050-12-18T10:36:00,13.0767284815192
2050-12-18T11:36:00,13.068228516716
2050-12-18T12:36:00,13.0601785818878
2050-12-18T13:36:00,13.05268720949
2050-12-18T14:36:00,13.0455662594779
2050-12-18T15:36:00,13.0388171054095
2050-12-18T16:36:00,13.0324368439405
2050-12-18T17:36:00,13.0264157645359
2050-12-18T18:36:00,13.0207007337557
2050-12-18T19:36:00,13.0152630955264
2050-12-18T20:36:00,13.0100771307315
2050-12-18T21:36:00,13.00512049475
2050-12-18T22:36:00,13.000372461136
2050-12-18T23:36:00,12.9958164576997
2050-12-19T00:36:00,12.9914337220668
2050-12-19T01:36:00,12.9871936553759
2050-12-19T02:36:00,12.9830857654088
2050-12-19T03:36:00,12.9791043310656
2050-12-19T04:36:00,12.9751964770611
2050-12-19T05:36:00,12.9714085803456
2050-12-19T06:36:00,12.9677438573715
2050-12-19T07:36:00,12.9641850592548
2050-12-19T08:36:00,12.9607215939107
2050-12-19T09:36:00,12.9573554363408
2050-12-19T10:36:00,12.9540912397921
2050-12-19T11:36:00,12.9509255965973
2050-12-19T12:36:00,12.9478538870815
2050-12-19T13:36:00,12.9448725759785
2050-12-19T14:36:00,12.9419744179977
2050-12-19T15:36:00,12.9391523069243
2050-12-19T16:36:00,12.9364007247324
2050-12-19T17:36:00,12.9337154182698
2050-12-19T18:36:00,12.9310912432132
2050-12-19T19:36:00,12.9285210954471
2050-12-19T20:36:00,12.926001373801
2050-12-19T21:36:00,12.9235313806995
2050-12-19T22:36:00,12.9211117209399
2050-12-19T23:36:00,12.9187086049446
2050-12-20T00:36:00,12.9163625456819
2050-12-20T01:36:00,12.914071625835
2050-12-20T02:36:00,12.9118329049905
2050-12-20T03:36:00,12.9096432298236
2050-12-20T04:36:00,12.9074998900297
2050-12-20T05:36:00,12.9054005000198
2050-12-20T06:36:00,12.9033428624011
2050-12-20T07:36:00,12.9013249506342
2050-12-20T08:36:00,12.8993447051293
2050-12-20T09:36:00,12.897399966561
2050-12-20T10:36:00,12.8954841815164
2050-12-20T11:36:00,12.8935971494874
2050-12-20T12:36:00,12.8917316667652
2050-12-20T13:36:00,12.8898915153939
2050-12-20T14:36:00,12.888075666735
2050-12-20T15:36:00,12.8862764462422
2050-12-20T16:36:00,12.8845107085006
2050-12-20T17:36:00,12.8827668876912
2050-12-20T18:36:00,12.8810450793086
2050-12-20T19:36:00,12.8793515133225
2050-12-20T20:36:00,12.8776862994492
2050-12-20T21:36:00,12.8760479096345
2050-12-20T22:36:00,12.8744352566693
2050-12-20T23:36:00,12.8728476791004
2050-12-21T00:36:00,12.8712846359328
2050-12-21T01:36:00,12.8697455593847
2050-12-21T02:36:00,12.8682298314127
2050-12-21T03:36:00,12.8667368043484
2050-12-21T04:36:00,12.8652658256673
2050-12-21T05:36:00,12.8638160823182
2050-12-21T06:36:00,12.8623862777467
2050-12-21T07:36:00,12.8609754106984
2050-12-21T08:36:00,12.8595830862524
2050-12-21T09:36:00,12.8582085960187
2050-12-21T10:36:00,12.8568504118224
2050-12-21T11:36:00,12.8555088462039
2050-12-21T12:36:00,12.8541832896775
2050-12-21T13:36:00,12.8528736858594
2050-12-21T14:36:00,12.8515793469514
2050-12-21T15:36:00,-1.28502982691904
2050-12-21T16:36:00,-1.40871168039916
2050-12-21T17:36:00,-1.44340770508369
2050-12-21T18:36:00,-1.46722233189024
2050-12-21T19:36:00,-1.48489632175404
2050-12-21T20:36:00,-1.45083468297114
2050-12-21T21:36:00,14.62831561202
2050-12-21T22:36:00,-1.29824204991808
2050-12-21T23:36:00,-1.4575491087455
2050-12-22T00:36:00,14.4362542580294
2050-12-22T01:36:00,12.9981079797034
2050-12-22T02:36:00,13.1821041655075
2050-12-22T03:36:00,13.085407799925
2050-12-22T04:36:00,13.0511785731712
2050-12-22T05:36:00,13.0206742627651
2050-12-22T06:36:00,12.9984083560105
2050-12-22T07:36:00,12.9802708797758
2050-12-22T08:36:00,12.965314730682
2050-12-22T09:36:00,12.9527333142842
2050-12-22T10:36:00,12.9420062440215
2050-12-22T11:36:00,12.9327173901516
2050-12-22T12:36:00,12.9245634349989
2050-12-22T13:36:00,12.9172283979577
2050-12-22T14:36:00,12.9106765793573
2050-12-22T15:36:00,12.9047760873566
2050-12-22T16:36:00,12.8994011249921
2050-12-22T17:36:00,12.8944549383483
2050-12-22T18:36:00,12.8898772867928
2050-12-22T19:36:00,12.8855853976171
2050-12-22T20:36:00,12.8815617903047
2050-12-22T21:36:00,12.8778271046175
2050-12-22T22:36:00,12.8743402147858
2050-12-22T23:36:00,12.8710715644768
2050-12-23T00:36:00,12.8679953289251
2050-12-23T01:36:00,12.8650896790768
2050-12-23T02:36:00,12.8623341878907
2050-12-23T03:36:00,12.8597134907791
2050-12-23T04:36:00,12.8572148037496
2050-12-23T05:36:00,12.8548256784042
2050-12-23T06:36:00,12.8525389524935
2050-12-23T07:36:00,12.8503419970646
2050-12-23T08:36:00,12.8482301035868
2050-12-23T09:36:00,12.8461947604039
2050-12-23T10:36:00,12.8442356931924
2050-12-23T11:36:00,12.8423449276652
2050-12-23T12:36:00,-1.28405134216036
2050-12-23T13:36:00,-1.40701378049609
2050-12-23T14:36:00,-1.44135223564955
2050-12-23T15:36:00,-1.46491898614649
2050-12-23T16:36:00,-1.482329159102
2050-12-23T17:36:00,-1.44807305806235
2050-12-23T18:36:00,-1.45988966111045
2050-12-23T19:36:00,-1.47004071135343
2050-12-23T20:36:00,-1.47944405945505
2050-12-23T21:36:00,-1.48816753134118
2050-12-23T22:36:00,-1.49634507164939
2050-12-23T23:36:00,-1.50405381375647
2050-12-24T00:36:00,-1.51110664783003
2050-12-24T01:36:00,-1.51764681254773
2050-12-24T02:36:00,-1.52377376664986
2050-12-24T03:36:00,-1.52961263708838
2050-12-24T04:36:00,-1.53524512953251
2050-12-24T05:36:00,-1.54070179187694
2050-12-24T06:36:00,-1.54600185992308
2050-12-24T07:36:00,-1.55116317141156
2050-12-24T08:36:00,-1.55619829057291
2050-12-24T09:36:00,-1.56111688917063
2050-12-24T10:36:00,-1.56574400923865
2050-12-24T11:36:00,-1.57021330836062
2050-12-24T12:36:00,-1.5746425447092
2050-12-24T13:36:00,15.7895389191314
2050-12-24T14:36:00,13.0459914836481
2050-12-24T15:36:00,13.5749356241733
2050-12-24T16:36:00,13.3690576040263
2050-12-24T17:36:00,13.3221775028177
2050-12-24T18:36:00,13.2644971398903
2050-12-24T19:36:00,13.2204963810756
2050-12-24T20:36:00,13.1848945164326
2050-12-24T21:36:00,13.1548973693023
2050-12-24T22:36:00,13.1292758611936
2050-12-24T23:36:00,13.1071619160781
2050-12-25T00:36:00,13.0875025075288
2050-12-25T01:36:00,13.0698036053
2050-12-25T02:36:00,13.0538328731791
2050-12-25T03:36:00,-1.30394327677786
2050-12-25T04:36:00,-1.43713827071857
2050-12-25T05:36:00,-1.4739623975894
2050-12-25T06:36:00,-1.45010697646952
2050-12-25T07:36:00,14.6726316114032
2050-12-25T08:36:00,13.0317662106813
2050-12-25T09:36:00,-1.3265558034371
2050-12-25T10:36:00,-1.46115269926462
2050-12-25T11:36:00,-1.44940866958245
2050-12-25T12:36:00,-1.46984583322246
2050-12-25T13:36:00,-1.48614169389641
2050-12-25T14:36:00,-1.49973455435402
2050-12-25T15:36:00,-1.51102560407352
2050-12-25T16:36:00,-1.52063032721979
2050-12-25T17:36:00,-1.52932091940313
2050-12-25T18:36:00,-1.53735971855089
2050-12-25T19:36:00,-1.54486176731033
2050-12-25T20:36:00,-1.55192170839524
2050-12-25T21:36:00,-1.55860766024973
2050-12-25T22:36:00,-1.56472837588801
2050-12-25T23:36:00,-1.57050016817266
2050-12-26T00:36:00,-1.57604515676717
2050-12-26T01:36:00,-1.58131369437827
2050-12-26T02:36:00,-1.58633524132944
2050-12-26T03:36:00,-1.59115596142602
2050-12-26T04:36:00,-1.5958146836815
2050-12-26T05:36:00,-1.60033827930071
2050-12-26T06:36:00,-1.60475044265373
2050-12-26T07:36:00,-1.60906708440776
2050-12-26T08:36:00,-1.61329969453482
2050-12-26T09:36:00,-1.61745715975846
2050-12-26T10:36:00,-1.62154671432889
2050-12-26T11:36:00,16.255744623578
2050-12-26T12:36:00,12.9728823765832
2050-12-26T13:36:00,13.7097308474824
2050-12-26T14:36:00,13.4699251251537
2050-12-26T15:36:00,13.425362246183
2050-12-26T16:36:00,13.3647220118641
2050-12-26T17:36:00,13.3199714872064
2050-12-26T18:36:00,13.2815288821399
2050-12-26T19:36:00,13.2472190772795
2050-12-26T20:36:00,13.2180653084875
2050-12-26T21:36:00,13.1931153731376
2050-12-26T22:36:00,13.1712251497893
2050-12-26T23:36:00,13.1514668246459
2050-12-27T00:36:00,13.133605912408
2050-12-27T01:36:00,13.1174485556046
2050-12-27T02:36:00,13.1027547878792
2050-12-27T03:36:00,13.089113332921
2050-12-27T04:36:00,13.0763729779679
2050-12-27T05:36:00,13.0645300541868
2050-12-27T06:36:00,13.0535789035271
2050-12-27T07:36:00,13.0433124320041
2050-12-27T08:36:00,13.0337069248232
2050-12-27T09:36:00,13.0248134894497
2050-12-27T10:36:00,13.0164905450602
2050-12-27T11:36:00,13.0086759735932
2050-12-27T12:36:00,13.0013005155679
2050-12-27T13:36:00,12.9943110143187
2050-12-27T14:36:00,12.9876664659436
2050-12-27T15:36:00,12.9813427447378
2050-12-27T16:36:00,12.9752413478588
2050-12-27T17:36:00,12.9694066393659
2050-12-27T18:36:00,12.9638166258244
2050-12-27T19:36:00,12.9584668384052
2050-12-27T20:36:00,12.9533533066682
2050-12-27T21:36:00,12.9484648156835
2050-12-27T22:36:00,12.9437881703888
2050-12-27T23:36:00,12.9393017299746
2050-12-28T00:36:00,12.9349855459022
2050-12-28T01:36:00,12.9308268447521
2050-12-28T02:36:00,12.926813950843
2050-12-28T03:36:00,12.9229399350386
2050-12-28T04:36:00,12.9191459360729
2050-12-28T05:36:00,12.9154912604547
2050-12-28T06:36:00,12.9119674750462
2050-12-28T07:36:00,12.9085645516486
2050-12-28T08:36:00,12.905272885517
2050-12-28T09:36:00,12.9020846217103
2050-12-28T10:36:00,12.8989932953945
2050-12-28T11:36:00,12.8959866238517
2050-12-28T12:36:00,12.8930394525797
2050-12-28T13:36:00,12.8901694702322
2050-12-28T14:36:00,12.8873549681441
2050-12-28T15:36:00,12.8846185607601
2050-12-28T16:36:00,12.8819197862324
2050-12-28T17:36:00,12.8792976006774
2050-12-28T18:36:00,12.8767486822358
2050-12-28T19:36:00,-1.28742704119141
2050-12-28T20:36:00,-1.4123960864492
2050-12-28T21:36:00,-1.4476745413014
2050-12-28T22:36:00,-1.4715329253678
2050-12-28T23:36:00,-1.44052389259269
2050-12-29T00:36:00,-1.45455087022424
2050-12-29T01:36:00,-1.46643329146709
2050-12-29T02:36:00,-1.47711841786413
2050-12-29T03:36:00,-1.48685520091494
2050-12-29T04:36:00,-1.49588734599273
2050-12-29T05:36:00,-1.50432168669668
2050-12-29T06:36:00,-1.51197234125761
2050-12-29T07:36:00,-1.51892206292802
2050-12-29T08:36:00,-1.52547953100197
2050-12-29T09:36:00,-1.53172687387501
2050-12-29T10:36:00,-1.5377421133727
2050-12-29T11:36:00,-1.54354722186273
2050-12-29T12:36:00,-1.54916944572339
2050-12-29T13:36:00,-1.55462722407778
2050-12-29T14:36:00,-1.5599345523924
2050-12-29T15:36:00,-1.5649060923391
2050-12-29T16:36:00,-1.56971490423795
2050-12-29T17:36:00,-1.57444474844496
2050-12-29T18:36:00,-1.57901385913088
2050-12-29T19:36:00,-1.58344189418617
2050-12-29T20:36:00,-1.58773744784223
2050-12-29T21:36:00,-1.59190201127055
2050-12-29T22:36:00,-1.59595699911971
2050-12-29T23:36:00,-1.59992377478481
2050-12-30T00:36:00,-1.60382046971157
2050-12-30T01:36:00,-1.60765896718707
2050-12-30T02:36:00,-1.61144734542507
2050-12-30T03:36:00,-1.61519139237331
2050-12-30T04:36:00,-1.61889548386194
2050-12-30T05:36:00,-1.62256310016644
2050-12-30T06:36:00,-1.62619713429547
2050-12-30T07:36:00,-1.62964217804264
2050-12-30T08:36:00,-1.63310733596363
2050-12-30T09:36:00,-1.63657900707977
2050-12-30T10:36:00,-1.63994101909507
2050-12-30T11:36:00,-1.64329661922259
2050-12-30T12:36:00,-1.64665709193139
2050-12-30T13:36:00,-1.65001952111123
2050-12-30T14:36:00,-1.65333703249592
2050-12-30T15:36:00,-1.65662471790136
2050-12-30T16:36:00,-1.65989891536372
2050-12-30T17:36:00,-1.66313899301773
2050-12-30T18:36:00,-1.66634541506504
2050-12-30T19:36:00,-1.66951947840591
2050-12-30T20:36:00,-1.67266467763946
2050-12-30T21:36:00,-1.6757831326914
2050-12-30T22:36:00,-1.67887454160653
2050-12-30T23:36:00,-1.68193794459873
2050-12-31T00:36:00,-1.6849724858856
2050-12-31T01:36:00,-1.68797860131124
2050-12-31T02:36:00,-1.69095905021398
2050-12-31T03:36:00,-1.69391762521915
2050-12-31T04:36:00,-1.69685844489852
2050-12-31T05:36:00,-1.69978551028224
2050-12-31T06:36:00,-1.70270247376408
2050-12-31T07:36:00,-1.7056125640281
2050-12-31T08:36:00,-1.70851859647762
2050-12-31T09:36:00,-1.71142302158882
2050-12-31T10:36:00,-1.71432798468878
2050-12-31T11:36:00,-1.71709434652917
2050-12-31T12:36:00,-1.71991577344451
2050-12-31T13:36:00,-1.72274577627654
2050-12-31T14:36:00,-1.72559785942738
2050-12-31T15:36:00,-1.7284738241485
2050-12-31T16:36:00,-1.73136953193627
2050-12-31T17:36:00,-1.73428303701498
2050-12-31T18:36:00,-1.73712544920139
2050-12-31T19:36:00,-1.73997619584086
2050-12-31T20:36:00,-1.74285490302129
2050-12-31T21:36:00,-1.745762860771
2050-12-31T22:36:00,-1.74868381582628
2050-12-31T23:36:00,-1.75161715670511
2051-01-01T00:36:00,-1.75456470698622
2051-01-01T01:36:00,-1.75752767456589
2051-01-01T02:36:00,-1.76050706987146
2051-01-01T03:36:00,-1.7634582866463
2051-01-01T04:36:00,-1.76640478456669
2051-01-01T05:36:00,-1.76936504562854
2051-01-01T06:36:00,-1.77234757103692
2051-01-01T07:36:00,-1.77535640547028
2051-01-01T08:36:00,-1.77839336894709
2051-01-01T09:36:00,-1.78145935015776
2051-01-01T10:36:00,-1.78454120199503
2051-01-01T11:36:00,-1.78763255743021
2051-01-01T12:36:00,-1.79073972070374
2051-01-01T13:36:00,-1.79387091103596
2051-01-01T14:36:00,-1.79703250019532
2051-01-01T15:36:00,-1.80022882093392
2051-01-01T16:36:00,-1.8034564080612
2051-01-01T17:36:00,-1.80671277176589
2051-01-01T18:36:00,-1.80999862614905
2051-01-01T19:36:00,-1.81331755495837
2051-01-01T20:36:00,-1.81667500042566
2051-01-01T21:36:00,-1.82007299423534
2051-01-01T22:36:00,-1.82351229035743
2051-01-01T23:36:00,-1.82699499040316
2051-01-02T00:36:00,-1.83052378348634
2051-01-02T01:36:00,-1.83410201751837
2051-01-02T02:36:00,-1.83773317613896
2051-01-02T03:36:00,-1.84141988214587
2051-01-02T04:36:00,-1.84516592196316
2051-01-02T05:36:00,-1.84897529004796
2051-01-02T06:36:00,-1.85285219165996
2051-01-02T07:36:00,-1.85674204573252
2051-01-02T08:36:00,-1.86058908587526
2051-01-02T09:36:00,-1.86450617624983
2051-01-02T10:36:00,-1.86849049685916
2051-01-02T11:36:00,-1.87254471664129
2051-01-02T12:36:00,-1.87667292606376
2051-01-02T13:36:00,-1.88088041805148
2051-01-02T14:36:00,-1.88517942849335
2051-01-02T15:36:00,-1.88957528972438
2051-01-02T16:36:00,-1.89407329660615
2051-01-02T17:36:00,-1.89868036650886
2051-01-02T18:36:00,-1.90340504180258
2051-01-02T19:36:00,-1.90825749281166
2051-01-02T20:36:00,-1.91314396458314
2051-01-02T21:36:00,-1.83906853586773
2051-01-02T22:36:00,-1.91464847543843
2051-01-02T23:36:00,-1.84437158434326
2051-01-03T00:36:00,-1.84265894637368
2051-01-03T01:36:00,-1.84380632770332
2051-01-03T02:36:00,-1.84632659382269
2051-01-03T03:36:00,-1.8495939623712
2051-01-03T04:36:00,-1.85333610043448
2051-01-03T05:36:00,-1.85743104467435
2051-01-03T06:36:00,-1.86182781710614
2051-01-03T07:36:00,-1.86650745038638
2051-01-03T08:36:00,-1.87146790229306
2051-01-03T09:36:00,-1.87671867562849
2051-01-03T10:36:00,-1.88227868345925
2051-01-03T11:36:00,-1.88817577576941
2051-01-03T12:36:00,18.9444741330571
2051-01-03T13:36:00,-1.12079285680199
2051-01-03T14:36:00,14.2928773905957
2051-01-03T15:36:00,13.4657232918144
2051-01-03T16:36:00,13.6230914069168
2051-01-03T17:36:00,13.5643671293866
2051-01-03T18:36:00,13.5414119496562
2051-01-03T19:36:00,13.5111830498339
2051-01-03T20:36:00,13.4828153434596
2051-01-03T21:36:00,13.4553732926686
2051-01-03T22:36:00,13.4298318861974
2051-01-03T23:36:00,13.406529258981
2051-01-04T00:36:00,13.3849774402419
2051-01-04T01:36:00,13.3649909051606
2051-01-04T02:36:00,13.3462651481334
2051-01-04T03:36:00,13.3286860323602
2051-01-04T04:36:00,13.3121082002004
2051-01-04T05:36:00,13.2964900519915
2051-01-04T06:36:00,13.2816186449645
2051-01-04T07:36:00,13.267273171308
2051-01-04T08:36:00,13.2536867216723
2051-01-04T09:36:00,13.2406280622724
2051-01-04T10:36:00,13.228575342356
2051-01-04T11:36:00,13.217122815188
2051-01-04T12:36:00,13.2061667701772
2051-01-04T13:36:00,13.1957108563706
2051-01-04T14:36:00,13.1857387496476
2051-01-04T15:36:00,13.1762416150349
2051-01-04T16:36:00,13.1671759344457
2051-01-04T17:36:00,13.1584763104186
2051-01-04T18:36:00,13.1501147486476
2051-01-04T19:36:00,13.1419655978444
2051-01-04T20:36:00,13.1341100453678
2051-01-04T21:36:00,13.1265226565688
2051-01-04T22:36:00,13.1191941608088
2051-01-04T23:36:00,13.1121266806698
2051-01-05T00:36:00,13.1053152016754
2051-01-05T01:36:00,13.0987486433109
2051-01-05T02:36:00,13.0923055730122
2051-01-05T03:36:00,13.0860618186041
2051-01-05T04:36:00,13.0799882019084
2051-01-05T05:36:00,13.0741078078593
2051-01-05T06:36:00,13.0684461361653
2051-01-05T07:36:00,13.0628701874872
2051-01-05T08:36:00,13.0575105716245
2051-01-05T09:36:00,13.0523109748486
2051-01-05T10:36:00,13.0472290116794
2051-01-05T11:36:00,13.0422325472891
2051-01-05T12:36:00,13.0373738404839
2051-01-05T13:36:00,13.0326434413871
2051-01-05T14:36:00,13.0280557330576
2051-01-05T15:36:00,13.0235924832041
2051-01-05T16:36:00,13.0192484236004
2051-01-05T17:36:00,13.0150173779875
2051-01-05T18:36:00,13.0108942015767
2051-01-05T19:36:00,13.0068741950221
2051-01-05T20:36:00,13.0029523531714
2051-01-05T21:36:00,12.9991234514039
2051-01-05T22:36:00,12.9953840877242
2051-01-05T23:36:00,12.9917310019889
2051-01-06T00:36:00,12.9881531620337
2051-01-06T01:36:00,12.98464072367
2051-01-06T02:36:00,12.9811899375078
2051-01-06T03:36:00,12.9777994959059
2051-01-06T04:36:00,12.9744287877364
2051-01-06T05:36:00,12.9711219954005
2051-01-06T06:36:00,12.9678851258823
2051-01-06T07:36:00,12.964717332475
2051-01-06T08:36:00,12.9615958555338
2051-01-06T09:36:00,12.9585281117922
2051-01-06T10:36:00,12.955522846213
2051-01-06T11:36:00,12.9525819808868
2051-01-06T12:36:00,12.9497042405446
2051-01-06T13:36:00,12.9468877999873
2051-01-06T14:36:00,12.9441318219103
2051-01-06T15:36:00,12.9414310932427
2051-01-06T16:36:00,12.9387816415669
2051-01-06T17:36:00,12.936179951675
2051-01-06T18:36:00,12.9336234231355
2051-01-06T19:36:00,12.9311103129956
2051-01-06T20:36:00,12.9286349528938
2051-01-06T21:36:00,12.926192157179
2051-01-06T22:36:00,12.9237830709978
2051-01-06T23:36:00,12.9214091526214
2051-01-07T00:36:00,12.9190525909436
2051-01-07T01:36:00,12.9167230168079
2051-01-07T02:36:00,12.9144378775291
2051-01-07T03:36:00,12.9121951969471
2051-01-07T04:36:00,12.9099926604162
2051-01-07T05:36:00,12.9078281117831
2051-01-07T06:36:00,12.9056997211355
2051-01-07T07:36:00,12.9036058456233
2051-01-07T08:36:00,12.9015449924732
2051-01-07T09:36:00,12.8995154790412
2051-01-07T10:36:00,12.8975155058449
2051-01-07T11:36:00,12.895540404683
2051-01-07T12:36:00,12.8935847767452
2051-01-07T13:36:00,-1.28916470696257
2051-01-07T14:36:00,-1.41531340701128
2051-01-07T15:36:00,-1.45126700526784
2051-01-07T16:36:00,-1.47441950065894
2051-01-07T17:36:00,-1.44416834422092
2051-01-07T18:36:00,-1.45867134745882
2051-01-07T19:36:00,-1.47076860855943
2051-01-07T20:36:00,-1.48175647836542
2051-01-07T21:36:00,-1.4918796681087
2051-01-07T22:36:00,-1.50126883898124
2051-01-07T23:36:00,-1.50974004128002
2051-01-08T00:36:00,-1.517430350486
2051-01-08T01:36:00,-1.52463467178134
2051-01-08T02:36:00,-1.53148268578214
2051-01-08T03:36:00,-1.53806144493636
2051-01-08T04:36:00,-1.54439883894116
2051-01-08T05:36:00,-1.55052626737456
2051-01-08T06:36:00,-1.5564649947144
2051-01-08T07:36:00,-1.5621992069661
2051-01-08T08:36:00,-1.56760847025231
2051-01-08T09:36:00,-1.57279419073428
2051-01-08T10:36:00,-1.57783395687952
2051-01-08T11:36:00,-1.58269772656487
2051-01-08T12:36:00,-1.58739440761669
2051-01-08T13:36:00,-1.59195461303605
2051-01-08T14:36:00,-1.59640083685492
2051-01-08T15:36:00,-1.60075554026979
2051-01-08T16:36:00,-1.60503624411696
2051-01-08T17:36:00,-1.60925414328099
2051-01-08T18:36:00,-1.61341687800029
2051-01-08T19:36:00,-1.61753004709469
2051-01-08T20:36:00,-1.6215980232331
2051-01-08T21:36:00,-1.62562441448343
2051-01-08T22:36:00,-1.62943739716899
2051-01-08T23:36:00,-1.63326895455624
2051-01-09T00:36:00,-1.6371044597335
2051-01-09T01:36:00,-1.64081538133417
2051-01-09T02:36:00,-1.64451586304827
2051-01-09T03:36:00,-1.64821980004246
2051-01-09T04:36:00,-1.65189165303093
2051-01-09T05:36:00,-1.65551629941337
2051-01-09T06:36:00,-1.65912281391652
2051-01-09T07:36:00,-1.66269049021329
2051-01-09T08:36:00,-1.66621831722103
2051-01-09T09:36:00,-1.66970544479388
2051-01-09T10:36:00,-1.67315287662727
2051-01-09T11:36:00,-1.67655961962863
2051-01-09T12:36:00,-1.67992887664884
2051-01-09T13:36:00,-1.6832592939564
2051-01-09T14:36:00,-1.68655388890289
2051-01-09T15:36:00,-1.68981802533598
2051-01-09T16:36:00,-1.69305728976537
2051-01-09T17:36:00,-1.69627705505292
2051-01-09T18:36:00,-1.69948214834814
2051-01-09T19:36:00,-1.70267675113877
2051-01-09T20:36:00,-1.7058644329603
2051-01-09T21:36:00,-1.70904823953626
2051-01-09T22:36:00,-1.71223079233288
2051-01-09T23:36:00,-1.71540587372632
2051-01-10T00:36:00,-1.71844127079218
2051-01-10T01:36:00,-1.72151224912218
2051-01-10T02:36:00,-1.72461729561878
2051-01-10T03:36:00,-1.72775126496648
2051-01-10T04:36:00,-1.73090916166092
2051-01-10T05:36:00,17.3408755812288
2051-01-10T06:36:00,12.6207019312423
2051-01-10T07:36:00,13.8760428610322
2051-01-10T08:36:00,13.5845410632843
2051-01-10T09:36:00,13.5726949484318
2051-01-10T10:36:00,13.5114529489124
2051-01-10T11:36:00,13.4659715921755
2051-01-10T12:36:00,13.423526219765
2051-01-10T13:36:00,13.3881783047017
2051-01-10T14:36:00,13.3571586335643
2051-01-10T15:36:00,13.329307558697
2051-01-10T16:36:00,13.3042662256816
2051-01-10T17:36:00,13.2813337529928
2051-01-10T18:36:00,-1.32601702965148
2051-01-10T19:36:00,-1.47306838073192
2051-01-10T20:36:00,-1.46506746596911
2051-01-10T21:36:00,-1.49236428276855
2051-01-10T22:36:00,-1.51262153248295
2051-01-10T23:36:00,-1.52978020465245
2051-01-11T00:36:00,-1.54473274423297
2051-01-11T01:36:00,-1.5580027020937
2051-01-11T02:36:00,-1.56901607898498
2051-01-11T03:36:00,-1.57916178894074
2051-01-11T04:36:00,-1.58845472673516
2051-01-11T05:36:00,15.9715360083393
2051-01-11T06:36:00,13.0518615413203
2051-01-11T07:36:00,13.6651153283218
2051-01-11T08:36:00,13.4554721458902
2051-01-11T09:36:00,13.4160121530781
2051-01-11T10:36:00,13.3637747883111
2051-01-11T11:36:00,13.3250985327724
2051-01-11T12:36:00,13.2923465635591
2051-01-11T13:36:00,13.2636074861948
2051-01-11T14:36:00,13.2380583613056
2051-01-11T15:36:00,13.2162853819566
2051-01-11T16:36:00,13.1971001863294
2051-01-11T17:36:00,13.1800089694349
2051-01-11T18:36:00,13.1646030487475
2051-01-11T19:36:00,13.1504252007537
2051-01-11T20:36:00,13.1373171625966
2051-01-11T21:36:00,13.1252099743978
2051-01-11T22:36:00,13.1139856593846
2051-01-11T23:36:00,13.1035416518574
2051-01-12T00:36:00,13.0936267686709
2051-01-12T01:36:00,13.0842979932828
2051-01-12T02:36:00,13.07546109476
2051-01-12T03:36:00,13.0671788487849
2051-01-12T04:36:00,13.0592682080607
2051-01-12T05:36:00,13.0518067722938
2051-01-12T06:36:00,13.0446220883375
2051-01-12T07:36:00,13.0377531884828
2051-01-12T08:36:00,13.0312049624163
2051-01-12T09:36:00,13.0249791605689
2051-01-12T10:36:00,13.0190331870709
2051-01-12T11:36:00,-1.30133450747363
2051-01-12T12:36:00,-1.43346898673146
2051-01-12T13:36:00,-1.47168422213375
2051-01-12T14:36:00,-1.44903692869558
2051-01-12T15:36:00,-1.46670132004883
2051-01-12T16:36:00,-1.48225704069239
2051-01-12T17:36:00,-1.49594922142428
2051-01-12T18:36:00,15.0816412023745
2051-01-12T19:36:00,13.0582800894435
2051-01-12T20:36:00,13.3851712152008
2051-01-12T21:36:00,13.2414660898487
2051-01-12T22:36:00,13.202246611108
2051-01-12T23:36:00,13.1632322025509
2051-01-13T00:36:00,13.1345554865279
2051-01-13T01:36:00,13.1112591165128
2051-01-13T02:36:00,13.0917542804918
2051-01-13T03:36:00,13.074928445485
2051-01-13T04:36:00,13.0603162101181
2051-01-13T05:36:00,13.0475545696669
2051-01-13T06:36:00,13.0361600332774
2051-01-13T07:36:00,13.0260689853339
2051-01-13T08:36:00,13.0169896353472
2051-01-13T09:36:00,13.008730392207
2051-01-13T10:36:00,13.0011420278644
2051-01-13T11:36:00,12.9941122659387
2051-01-13T12:36:00,12.9875552921817
2051-01-13T13:36:00,12.9814135058819
2051-01-13T14:36:00,12.9755666863468
2051-01-13T15:36:00,12.970049702712
2051-01-13T16:36:00,12.9648068900273
2051-01-13T17:36:00,12.9598255405876
2051-01-13T18:36:00,12.9550910451822
2051-01-13T19:36:00,12.9505882209674
2051-01-13T20:36:00,12.946295634529
2051-01-13T21:36:00,12.942195717721
2051-01-13T22:36:00,12.9382681223539
2051-01-13T23:36:00,12.934492904769
2051-01-14T00:36:00,12.930853606863
2051-01-14T01:36:00,12.9273389026694
2051-01-14T02:36:00,12.923940087643
2051-01-14T03:36:00,12.9206407189548
2051-01-14T04:36:00,12.9174132794303
2051-01-14T05:36:00,12.9142956478939
2051-01-14T06:36:00,12.9112804658388
2051-01-14T07:36:00,12.9083598771095
2051-01-14T08:36:00,12.9055259966769
2051-01-14T09:36:00,12.9027719520081
2051-01-14T10:36:00,12.9000920448781
2051-01-14T11:36:00,12.8974816558368
2051-01-14T12:36:00,12.894922927242
2051-01-14T13:36:00,12.892414358402
2051-01-14T14:36:00,12.8899599344956
2051-01-14T15:36:00,-1.2887542748117
2051-01-14T16:36:00,-1.41455153808477
2051-01-14T17:36:00,-1.45031597221525
2051-01-14T18:36:00,-1.4734438758453
2051-01-14T19:36:00,-1.44302490441954
2051-01-14T20:36:00,-1.45736669841165
2051-01-14T21:36:00,-1.46931886914497
2051-01-14T22:36:00,-1.48019129964551
2051-01-14T23:36:00,-1.49016370712096
2051-01-15T00:36:00,-1.49940235106883
2051-01-15T01:36:00,-1.50801478671712
2051-01-15T02:36:00,-1.51558188628917
2051-01-15T03:36:00,-1.52265129175925
2051-01-15T04:36:00,-1.52933219406295
2051-01-15T05:36:00,-1.53574200006521
2051-01-15T06:36:00,-1.54191693605278
2051-01-15T07:36:00,-1.54788374389055
2051-01-15T08:36:00,-1.5536649326284
2051-01-15T09:36:00,-1.55927732489533
2051-01-15T10:36:00,-1.56452642457228
2051-01-15T11:36:00,-1.56960271905845
2051-01-15T12:36:00,-1.57457514756634
2051-01-15T13:36:00,-1.57937628117884
2051-01-15T14:36:00,-1.58400193439545
2051-01-15T15:36:00,-1.5884766792692
2051-01-15T16:36:00,-1.59282191029727
2051-01-15T17:36:00,-1.59705712380511
2051-01-15T18:36:00,-1.60120576224611
2051-01-15T19:36:00,-1.60528395119348
2051-01-15T20:36:00,-1.60930221358104
2051-01-15T21:36:00,-1.61326783818908
2051-01-15T22:36:00,-1.61718620324251
2051-01-15T23:36:00,-1.62106151630245
2051-01-16T00:36:00,-1.62489723868205
2051-01-16T01:36:00,-1.62858936304903
2051-01-16T02:36:00,-1.63223275765748
2051-01-16T03:36:00,-1.63587257954646
2051-01-16T04:36:00,-1.63941495624689
2051-01-16T05:36:00,-1.64294394701981
2051-01-16T06:36:00,-1.64646481204791
2051-01-16T07:36:00,-1.64998582964341
2051-01-16T08:36:00,-1.6534557911647
2051-01-16T09:36:00,-1.65689496877501
2051-01-16T10:36:00,-1.66031936302264
2051-01-16T11:36:00,-1.66369987681402
2051-01-16T12:36:00,-1.66704282262939
2051-01-16T13:36:00,-1.67035141976532
2051-01-16T14:36:00,-1.67362523545757
2051-01-16T15:36:00,-1.67686661457124
2051-01-16T16:36:00,-1.68007353335369
2051-01-16T17:36:00,-1.68324607394418
2051-01-16T18:36:00,-1.68638572895256
2051-01-16T19:36:00,-1.68949560527828
2051-01-16T20:36:00,-1.69258017388821
2051-01-16T21:36:00,-1.69564413390436
2051-01-16T22:36:00,-1.69869196166905
2051-01-16T23:36:00,-1.70172768225559
2051-01-17T00:36:00,-1.70475481007748
2051-01-17T01:36:00,-1.7077763789145
2051-01-17T02:36:00,-1.71079500840705
2051-01-17T03:36:00,-1.71381297859046
2051-01-17T04:36:00,-1.71673254681915
2051-01-17T05:36:00,-1.7196333182657
2051-01-17T06:36:00,-1.7225630589722
2051-01-17T07:36:00,-1.7255188300804
2051-01-17T08:36:00,-1.72849953374127
2051-01-17T09:36:00,-1.73150021815836
2051-01-17T10:36:00,-1.73451865446626
2051-01-17T11:36:00,-1.73746273794167
2051-01-17T12:36:00,-1.74041463934176
2051-01-17T13:36:00,-1.74339469102658
2051-01-17T14:36:00,-1.74640282154384
2051-01-17T15:36:00,-1.74942179632039
2051-01-17T16:36:00,-1.75245346499264
2051-01-17T17:36:00,-1.75549952518473
2051-01-17T18:36:00,-1.75856109352105
2051-01-17T19:36:00,-1.76161390370203
2051-01-17T20:36:00,-1.76465074278012
2051-01-17T21:36:00,-1.76769182659473
2051-01-17T22:36:00,-1.77075034921062
2051-01-17T23:36:00,-1.77383279239895
2051-01-18T00:36:00,-1.77694230054648
2051-01-18T01:36:00,-1.78008027824397
2051-01-18T02:36:00,-1.78323571427844
2051-01-18T03:36:00,-1.78640164687785
2051-01-18T04:36:00,-1.78958382535257
2051-01-18T05:36:00,-1.79278656763223
2051-01-18T06:36:00,-1.79601774113807
2051-01-18T07:36:00,-1.79928247910783
2051-01-18T08:36:00,-1.80257822903895
2051-01-18T09:36:00,-1.80590194587781
2051-01-18T10:36:00,-1.80925440617015
2051-01-18T11:36:00,-1.81263977215867
2051-01-18T12:36:00,-1.81606330658612
2051-01-18T13:36:00,-1.81952705447068
2051-01-18T14:36:00,-1.82303183084921
2051-01-18T15:36:00,-1.82657983576248
2051-01-18T16:36:00,-1.83017386128793
2051-01-18T17:36:00,-1.83381720291496
2051-01-18T18:36:00,18.3751290780727
2051-01-18T19:36:00,12.0019410397101
2051-01-18T20:36:00,-1.3849947596525
2051-01-18T21:36:00,-1.4946230098981
2051-01-18T22:36:00,-1.54886861601129
2051-01-18T23:36:00,-1.58209251583154
2051-01-19T00:36:00,-1.60792861491192
2051-01-19T01:36:00,-1.62804162426944
2051-01-19T02:36:00,-1.6445600018383
2051-01-19T03:36:00,-1.65890560305729
2051-01-19T04:36:00,-1.67166945598151
2051-01-19T05:36:00,-1.68321158326609
2051-01-19T06:36:00,16.9378304946433
2051-01-19T07:36:00,12.8030547202231
2051-01-19T08:36:00,13.8800945227881
2051-01-19T09:36:00,13.6040615247207
2051-01-19T10:36:00,13.5891812536233
2051-01-19T11:36:00,13.5314416935456
2051-01-19T12:36:00,13.4905305913716
2051-01-19T13:36:00,-1.3450830805282
2051-01-19T14:36:00,-1.45479095989332
2051-01-19T15:36:00,-1.50116300448483
2051-01-19T16:36:00,-1.53016465124027
2051-01-19T17:36:00,-1.55324366638102
2051-01-19T18:36:00,-1.57097926506641
2051-01-19T19:36:00,-1.58651152002418
2051-01-19T20:36:00,-1.60043489303004
2051-01-19T21:36:00,-1.61307587653725
2051-01-19T22:36:00,-1.62468162184162
2051-01-19T23:36:00,-1.63495679478427
2051-01-20T00:36:00,-1.64431096188174
2051-01-20T01:36:00,-1.65298732965193
2051-01-20T02:36:00,-1.66115002999284
2051-01-20T03:36:00,-1.66886902883514
2051-01-20T04:36:00,-1.67623806885418
2051-01-20T05:36:00,-1.68331790751475
2051-01-20T06:36:00,0
